-- phpMyAdmin SQL Dump
-- version 5.2.1
-- https://www.phpmyadmin.net/
--
-- Máy chủ: 127.0.0.1
-- Thời gian đã tạo: Th4 17, 2025 lúc 04:48 AM
-- Phiên bản máy phục vụ: 10.4.32-MariaDB
-- Phiên bản PHP: 8.2.12

SET SQL_MODE = "NO_AUTO_VALUE_ON_ZERO";
START TRANSACTION;
SET time_zone = "+00:00";


/*!40101 SET @OLD_CHARACTER_SET_CLIENT=@@CHARACTER_SET_CLIENT */;
/*!40101 SET @OLD_CHARACTER_SET_RESULTS=@@CHARACTER_SET_RESULTS */;
/*!40101 SET @OLD_COLLATION_CONNECTION=@@COLLATION_CONNECTION */;
/*!40101 SET NAMES utf8mb4 */;

--
-- Cơ sở dữ liệu: `xuongth`
--

-- --------------------------------------------------------

--
-- Cấu trúc bảng cho bảng `blog`
--

CREATE TABLE `blog` (
  `id` int(11) NOT NULL,
  `title` varchar(255) NOT NULL,
  `content` text NOT NULL,
  `image` varchar(255) DEFAULT NULL,
  `created_at` timestamp NOT NULL DEFAULT current_timestamp(),
  `author` varchar(11) NOT NULL,
  `is_visible` tinyint(1) DEFAULT 1
) ENGINE=InnoDB DEFAULT CHARSET=utf8mb4 COLLATE=utf8mb4_general_ci;

--
-- Đang đổ dữ liệu cho bảng `blog`
--

INSERT INTO `blog` (`id`, `title`, `content`, `image`, `created_at`, `author`, `is_visible`) VALUES
(12, '5 Cách Tăng Traffic Cho Website Dạy Học Lên Gấp 10 Lần Nhờ Mạng Xã Hội (Tốt Nhất 2025)', '<header class=\"c-post-header\">\r\n<p class=\"c-post-header__excerpt\">Việc tăng traffic cho website dạy học th&ocirc;ng qua c&aacute;c nền tảng mạng x&atilde; hội đang l&agrave; một trong những k&ecirc;nh marketing hiệu quả nhất m&agrave; c&aacute;c nh&agrave; đ&agrave;o tạo đang triển khai để tiếp cận tối đa học vi&ecirc;n tiềm năng của họ. Dưới đ&acirc;y l&agrave; 5 c&aacute;ch gi&uacute;p bạn tặng traffic v&agrave;o website đ&agrave;o tạo của m&igrave;nh.</p>\r\n<div class=\"c-post-header__meta\">\r\n<div class=\"c-post-header__authors\">\r\n<div class=\"c-post-header__authors-images\"><a class=\"c-post-header__author-image-wrap\" href=\"https://hoola.vn/blog/author/le-duy-khanh/\"><img class=\"c-post-header__author-image ls-is-cached lazyloaded\" src=\"https://cdn-proxy.hoolacdn.com/hoola-blog/sgp1/blog/2024/04/z5327623319393_f2815c776f46122b5dbdb2333b436dd1.jpg\" alt=\"L&ecirc; Duy Kh&aacute;nh\" width=\"32\" height=\"32\" data-src=\"https://cdn-proxy.hoolacdn.com/hoola-blog/sgp1/blog/2024/04/z5327623319393_f2815c776f46122b5dbdb2333b436dd1.jpg\"></a><a class=\"c-post-header__author-image-wrap\" href=\"https://hoola.vn/blog/author/hoangmyduyen/\"><img class=\"c-post-header__author-image ls-is-cached lazyloaded\" src=\"https://cdn-proxy.hoolacdn.com/hoola-blog/sgp1/blog/2024/07/z5597986592828_751c42bbe76c580daa69c04f00d31344.jpg\" alt=\"Duy&ecirc;n Ho&agrave;ng\" width=\"32\" height=\"32\" data-src=\"https://cdn-proxy.hoolacdn.com/hoola-blog/sgp1/blog/2024/07/z5597986592828_751c42bbe76c580daa69c04f00d31344.jpg\"></a></div>\r\n<div>\r\n<div class=\"c-post-header__authors-names\"><a href=\"https://hoola.vn/blog/author/le-duy-khanh/\">L&ecirc; Duy Kh&aacute;nh</a>&nbsp;/&nbsp;<a href=\"https://hoola.vn/blog/author/hoangmyduyen/\">Duy&ecirc;n Ho&agrave;ng</a></div>\r\n<time class=\"\" datetime=\"2024-07-03\">3 Th07 2024</time></div>\r\n</div>\r\n<ul class=\"c-share o-plain-list\">\r\n<li class=\"c-share__item\"><a class=\"c-share__link\" href=\"https://twitter.com/share?text=5%20C%C3%A1ch%20T%C4%83ng%20Traffic%20Cho%20Website%20D%E1%BA%A1y%20H%E1%BB%8Dc%20L%C3%AAn%20G%E1%BA%A5p%2010%20L%E1%BA%A7n%20Nh%E1%BB%9D%20M%E1%BA%A1ng%20X%C3%A3%20H%E1%BB%99i%20(T%E1%BB%91t%20Nh%E1%BA%A5t%202025)&amp;url=https://hoola.vn/blog/5-cach-tang-traffic-cho-website-day-hoc-len-gap-10-lan-nho-mang-xa-hoi-tot-nhat/\">\r\n<div class=\"icon icon--ei-sc-twitter icon--s c-share__icon\">&nbsp;</div>\r\n<span class=\"u-screenreader-only\">Share on Twitter</span></a></li>\r\n<li class=\"c-share__item\"><a class=\"c-share__link\" href=\"https://www.facebook.com/sharer/sharer.php?u=https://hoola.vn/blog/5-cach-tang-traffic-cho-website-day-hoc-len-gap-10-lan-nho-mang-xa-hoi-tot-nhat/\">\r\n<div class=\"icon icon--ei-sc-facebook icon--s c-share__icon\">&nbsp;</div>\r\n<span class=\"u-screenreader-only\">Share on Facebook</span></a></li>\r\n<li class=\"c-share__item\"><a class=\"c-share__link\" href=\"https://www.linkedin.com/shareArticle?mini=true&amp;url=https://hoola.vn/blog/5-cach-tang-traffic-cho-website-day-hoc-len-gap-10-lan-nho-mang-xa-hoi-tot-nhat/&amp;title=5%20C%C3%A1ch%20T%C4%83ng%20Traffic%20Cho%20Website%20D%E1%BA%A1y%20H%E1%BB%8Dc%20L%C3%AAn%20G%E1%BA%A5p%2010%20L%E1%BA%A7n%20Nh%E1%BB%9D%20M%E1%BA%A1ng%20X%C3%A3%20H%E1%BB%99i%20(T%E1%BB%91t%20Nh%E1%BA%A5t%202025)\">\r\n<div class=\"icon icon--ei-sc-linkedin icon--s c-share__icon\">&nbsp;</div>\r\n<span class=\"u-screenreader-only\">Share on LinkedIn</span></a></li>\r\n<li class=\"c-share__item\"><a class=\"c-share__link\" href=\"http://pinterest.com/pin/create/button/?url=https://hoola.vn/blog/5-cach-tang-traffic-cho-website-day-hoc-len-gap-10-lan-nho-mang-xa-hoi-tot-nhat/&amp;media=https://cdn-proxy.hoolacdn.com/hoola-blog/sgp1/blog/2024/07/Hoola-blog.png&amp;description=5%20C%C3%A1ch%20T%C4%83ng%20Traffic%20Cho%20Website%20D%E1%BA%A1y%20H%E1%BB%8Dc%20L%C3%AAn%20G%E1%BA%A5p%2010%20L%E1%BA%A7n%20Nh%E1%BB%9D%20M%E1%BA%A1ng%20X%C3%A3%20H%E1%BB%99i%20(T%E1%BB%91t%20Nh%E1%BA%A5t%202025)\">\r\n<div class=\"icon icon--ei-sc-pinterest icon--s c-share__icon\">&nbsp;</div>\r\n<span class=\"u-screenreader-only\">Share on Pinterest</span></a></li>\r\n<li class=\"c-share__item\"><a class=\"c-share__link\" href=\"mailto:?subject=5%20C%C3%A1ch%20T%C4%83ng%20Traffic%20Cho%20Website%20D%E1%BA%A1y%20H%E1%BB%8Dc%20L%C3%AAn%20G%E1%BA%A5p%2010%20L%E1%BA%A7n%20Nh%E1%BB%9D%20M%E1%BA%A1ng%20X%C3%A3%20H%E1%BB%99i%20(T%E1%BB%91t%20Nh%E1%BA%A5t%202025)&amp;body=https://hoola.vn/blog/5-cach-tang-traffic-cho-website-day-hoc-len-gap-10-lan-nho-mang-xa-hoi-tot-nhat/\">\r\n<div class=\"icon icon--ei-envelope icon--s c-share__icon\">&nbsp;</div>\r\n<span class=\"u-screenreader-only\">Share via Email</span></a></li>\r\n<li class=\"c-share__item\"><a class=\"c-share__link js-share__link--clipboard\" href=\"https://hoola.vn/blog/5-cach-tang-traffic-cho-website-day-hoc-len-gap-10-lan-nho-mang-xa-hoi-tot-nhat/\" data-clipboard-text=\"https://hoola.vn/blog/5-cach-tang-traffic-cho-website-day-hoc-len-gap-10-lan-nho-mang-xa-hoi-tot-nhat/\">\r\n<div class=\"icon icon--ei-link icon--s c-share__icon\">&nbsp;</div>\r\n<span class=\"u-screenreader-only\">Copy link</span></a></li>\r\n</ul>\r\n</div>\r\n</header>\r\n<section class=\"c-content \">\r\n<p>Theo dữ liệu từ<a href=\"https://drive.google.com/file/d/1VYTJJx_1QZw_71NrlHRffer0XbN3t_yQ/view\">&nbsp;Digital 2024 của Meltwater v&agrave; We Are Social</a>, t&iacute;nh đến th&aacute;ng 4 năm 2024, số lượng người d&ugrave;ng mạng x&atilde; hội đ&atilde; vượt mốc 5 tỷ người, chiếm 62,3% d&acirc;n số thế giới. H&atilde;y tưởng tượng việc bạn c&oacute; thể chuyển đổi được một lượng người d&ugrave;ng đ&oacute; v&agrave;o trang web của m&igrave;nh, việc thu h&uacute;t học vi&ecirc;n tiềm năng sẽ dễ d&agrave;ng hơn rất nhiều.</p>\r\n<p>Nghe c&oacute; vẻ l&agrave; một &yacute; tưởng ho&agrave;n hảo nhưng để thực hiện c&oacute; dễ d&agrave;ng như vậy, nhất l&agrave; đối với những nh&agrave; đ&agrave;o tạo chưa c&oacute; kinh nghiệm về marketing hay đội nh&oacute;m hỗ trợ như bạn. B&agrave;i viết n&agrave;y sẽ gi&uacute;p bạn c&oacute; c&aacute;i nh&igrave;n tổng quan v&agrave; h&igrave;nh dung những g&igrave; m&igrave;nh cần l&agrave;m để tăng lượng traffic cho website dạy học của bạn th&ocirc;ng qua c&aacute;c k&ecirc;nh mạng x&atilde; hội. C&ugrave;ng xem 5 c&aacute;ch l&agrave;m tốt nhất cho bạn ở thời điểm hiện tại</p>\r\n<h2 id=\"5-c%C3%A1ch-t%C4%83ng-traffic-cho-website-d%E1%BA%A1y-h%E1%BB%8Dc-l%C3%AAn-g%E1%BA%A5p-10-l%E1%BA%A7n-nh%E1%BB%9D-m%E1%BA%A1ng-x%C3%A3-h%E1%BB%99i-t%E1%BB%91t-nh%E1%BA%A5t-2025\">5 C&aacute;ch Tăng Traffic Cho Website Dạy Học L&ecirc;n Gấp 10 Lần Nhờ Mạng X&atilde; Hội Tốt Nhất 2025</h2>\r\n<p>Bạn l&agrave; thầy c&ocirc;, chuy&ecirc;n gia hoặc nh&agrave; đ&agrave;o tạo đang c&oacute; mong muốn truyền tải kiến thức của m&igrave;nh đến với học vi&ecirc;n. Bạn đ&atilde; d&agrave;nh rất nhiều thời gian đầu tư chuẩn bị b&agrave;i giảng, học liệu cho đến c&aacute;c kho&aacute; học hay website Elearning nhưng bạn vẫn chưa c&oacute; một chiến lược marketing n&agrave;o qua c&aacute;c k&ecirc;nh mạng x&atilde; hội mang lại hiệu quả. Vậy th&igrave; 5 c&aacute;ch sau đ&acirc;y chắc chắn sẽ gi&uacute;p &iacute;ch cho bạn rất nhiều để l&agrave;m được điều đ&oacute;. Cần lưu &yacute;, ngo&agrave;i 5 c&aacute;ch dưới đ&acirc;y th&igrave; bạn cần sẵn s&agrave;ng l&agrave;m tốt c&aacute;c yếu tố như:</p>\r\n<ul>\r\n<li>Lập kế hoạch</li>\r\n<li>Tương t&aacute;c tốt với người d&ugrave;ng</li>\r\n<li>Đăng b&agrave;i đều đặn, khung giờ ph&ugrave; hợp với học vi&ecirc;n</li>\r\n<li>Nội dung chất lượng</li>\r\n<li>Lời k&ecirc;u gọi h&agrave;nh động nhấn v&agrave;o link website ph&ugrave; hợp</li>\r\n<li>Chia sẻ nhiều thứ mang lại traffic cao như sự kiện, kho&aacute; học, t&agrave;i liệu... miễn ph&iacute;</li>\r\n</ul>\r\n<h3 id=\"1-c%E1%BA%ADp-nh%E1%BA%ADt-link-website-%C4%91%C3%A0o-t%E1%BA%A1o-tr%C3%AAn-c%C3%A1c-k%C3%AAnh-m%E1%BA%A1ng-x%C3%A3-h%E1%BB%99i-c%E1%BB%A7a-b%E1%BA%A1n\">1. Cập nhật link website đ&agrave;o tạo tr&ecirc;n c&aacute;c k&ecirc;nh mạng x&atilde; hội của bạn</h3>\r\n<p>Hẳn l&agrave; việc c&oacute; mặt ở b&agrave;i viết n&agrave;y cho thấy bạn đang l&agrave; một nh&agrave; đ&agrave;o tạo hoặc trong một tổ chức đ&agrave;o tạo n&agrave;o đ&oacute; với mong muốn tăng traffic cho website dạy học của m&igrave;nh. V&igrave; vậy việc chuẩn bị cho m&igrave;nh một website ho&agrave;n chỉnh để dạy học l&agrave; điều bắt buộc, nếu chưa bạn c&oacute; thể tham khảo nền tảng Hoola để tạo một trang web Elearning chuy&ecirc;n nghiệp&nbsp;<a href=\"https://hoola.vn/website-infor?=blog-traffic\">tại đ&acirc;y</a>. Khi đ&oacute;, bước đầu cũng như l&agrave; c&aacute;ch dễ d&agrave;ng nhất gi&uacute;p bạn tăng traffic cho website đ&oacute; l&agrave; gắn n&oacute; tr&ecirc;n mọi k&ecirc;nh mạng x&atilde; hội bạn c&oacute; như Facebook, Youtube, Tiktok, v.v. Từ đ&oacute; song song với việc ph&aacute;t triển nội dung tr&ecirc;n mạng x&atilde; hội, gi&uacute;p k&ecirc;nh của bạn tăng phạm vi tiếp cận cũng gi&uacute;p lượng truy cập website của bạn gia tăng đ&aacute;ng kể.</p>\r\n<p>Lưu &yacute;: một điều cần ch&uacute; &yacute; khi gắn link ở phần giới thiệu từ mạng x&atilde; hội Tiktok l&agrave;</p>\r\n<ul>\r\n<li>Gắn link website th&ocirc;ng qua t&agrave;i khoản doanh nghiệp</li>\r\n<li>Để c&oacute; quyền truy cập v&agrave; gắn link t&agrave;i khoản Tiktok phải c&oacute; hơn 1000 người theo d&otilde;i</li>\r\n<li>Chỉ thao t&aacute;c được tr&ecirc;n c&aacute;c thiết bị Android v&agrave; iOS</li>\r\n</ul>\r\n<h3 id=\"2-%C4%91%C4%83ng-b%C3%A0i-l%C3%A0m-n%E1%BB%99i-dung-tr%C3%AAn-c%C3%A1c-k%C3%AAnh-m%E1%BA%A1ng-x%C3%A3-h%E1%BB%99i-c%E1%BB%A7a-b%E1%BA%A1n-v%C3%A0-ch%C3%A8n-link-website-blog-m%E1%BB%99t-c%C3%A1ch-kh%C3%A9o-l%C3%A9o\">2. Đăng b&agrave;i, l&agrave;m nội dung tr&ecirc;n c&aacute;c k&ecirc;nh mạng x&atilde; hội của bạn v&agrave; ch&egrave;n link website, blog một c&aacute;ch kh&eacute;o l&eacute;o</h3>\r\n<p>Hiện tại muốn ph&aacute;t triển c&ocirc;ng việc giảng dạy v&agrave; đ&agrave;o tạo ngay cả trực tiếp hay online đều cần những hướng l&agrave;m marketing ph&ugrave; hợp để tiếp cận tối đa học vi&ecirc;n tiềm năng v&agrave; n&acirc;ng cao danh tiếng, thương hiệu của nh&agrave; đ&agrave;o tạo. V&igrave; vậy việc l&agrave;m nội dung tr&ecirc;n c&aacute;c k&ecirc;nh mạng x&atilde; hội (Content Social) gần như l&agrave; điều bắt buộc. C&oacute; thể bạn kh&ocirc;ng đủ thời gian, ng&acirc;n s&aacute;ch hay con người hỗ trợ để c&oacute; thể l&agrave;m được đa k&ecirc;nh, vậy h&atilde;y chọn những k&ecirc;nh mạng x&atilde; hội c&oacute; nhiều đối tượng học vi&ecirc;n của bạn nhất để triển khai trước. Facebook, Youtube, Tiktok l&agrave; 3 k&ecirc;nh phổ biến v&agrave; ph&ugrave; hợp với nh&agrave; đ&agrave;o tạo hơn cả để t&igrave;m kiếm học vi&ecirc;n tiềm năng. V&igrave; vậy nếu c&ograve;n chưa bắt đầu, ngay b&acirc;y giờ bạn h&atilde;y l&ecirc;n kế hoạch để thoả sức s&aacute;ng tạo những nội dung th&uacute; vị tr&ecirc;n đ&oacute;. Nội dung c&agrave;ng hấp dẫn, c&agrave;ng chất lượng v&agrave; được đăng tải đều đặn, bạn sẽ sớm thu được th&agrave;nh quả l&agrave; sự tiếp cận từ học vi&ecirc;n tiềm năng.</p>\r\n<p>Quay trở lại với chủ đề h&ocirc;m nay, vậy l&agrave;m thế n&agrave;o để tăng traffic cho website elearning của bạn nhờ gắn link tr&ecirc;n c&aacute;c b&agrave;i viết mạng x&atilde; hội. Điều n&agrave;y thật sự l&agrave; một vấn đề cần thảo luận khi m&agrave; nhiều người bắt gặp những c&acirc;u hỏi, thắc mắc như \"Tại sao đăng b&agrave;i chứa link website tr&ecirc;n Facebook lại bị tương t&aacute;c thấp\" hay \"Bị flop hẳn khi gắn link ở b&agrave;i đăng video tr&ecirc;n Tiktok\", v.v.</p>\r\n<ul>\r\n<li><strong>Đối với Facebook</strong>: Facebook thường ch&uacute; trọng v&agrave;o trải nghiệm người d&ugrave;ng n&ecirc;n khi c&oacute; một li&ecirc;n kết được đăng tải, họ cần phải x&aacute;c định chất lượng của li&ecirc;n kết hay website đ&oacute; trước, điều n&agrave;y nhiều khi sẽ dẫn đến việc b&agrave;i viết sẽ bị giảm lượt hiển thị khi li&ecirc;n kết/website đ&oacute; được đ&aacute;nh gi&aacute; l&agrave; kh&ocirc;ng chất lượng.<br>Vậy c&aacute;c yếu tố n&agrave;o ảnh hưởng đến việc đ&aacute;nh gi&aacute; đ&oacute;. Ở đ&acirc;y t&ocirc;i c&oacute; thể liệt k&ecirc; ra một số yếu tố ảnh hưởng như: trang web c&oacute; nội dung chất lượng thấp, kh&ocirc;ng mang lại gi&aacute; trị, kh&ocirc;ng giống với b&agrave;i đăng tr&ecirc;n Facebook,... hay việc tải trạng chậm, lỗi, chứa nhiều quảng c&aacute;o, kh&ocirc;ng th&acirc;n thiện người d&ugrave;ng; v.v. Bạn c&oacute; thể tham khảo một c&aacute;ch chi tiết hơn&nbsp;<a href=\"https://vi-vn.facebook.com/business/help/253832955320421?id=208060977200861\">tại đ&acirc;y</a><br>Vậy nếu vẫn muốn đăng b&agrave;i chứa link để tăng traffic website đ&agrave;o tạo của bạn, bạn cần phải l&agrave;m g&igrave;? Thứ nhất, h&atilde;y khai b&aacute;o tại phần th&ocirc;ng tin như tr&ecirc;n, bạn phải chắc chắn m&igrave;nh đ&atilde; gắn link website với t&ecirc;n miền ri&ecirc;ng của m&igrave;nh, ngo&agrave;i ra nếu đ&atilde; c&oacute; t&agrave;i khoản quảng c&aacute;o doanh nghiệp bạn cũng n&ecirc;n x&aacute;c minh miền cho trang web. Thứ hai, khi đ&atilde; khai b&aacute;o đầy đủ th&igrave; l&uacute;c n&agrave;y bạn cần xem lại nội dung v&agrave; chất lượng của li&ecirc;n kết/website m&igrave;nh đăng tải đ&uacute;ng với quy định của Facebook. Li&ecirc;n kết hay trang web của bạn cần đảm bảo về tốc độ tải, bố tr&iacute; c&aacute;c banner quảng c&aacute;o hợp l&yacute; (nếu c&oacute;), b&agrave;i viết tr&ecirc;n Facebook v&agrave; link bạn gắn v&agrave;o phải c&oacute; sự li&ecirc;n quan, v.v.<br>V&iacute; dụ: đối với website elearning khởi tạo từ Hoola, ngo&agrave;i việc bạn c&oacute; một trang web chất lượng ph&ugrave; hợp về đ&agrave;o tạo, b&aacute;n kho&aacute; học để l&agrave;m trang đ&iacute;ch cho phần khai b&aacute;o; bạn c&oacute; thể c&oacute; c&aacute;c trang con về c&aacute;c kho&aacute; học kh&aacute;c nhau, tương ứng khi đăng b&agrave;i Facebook về kho&aacute; học đ&oacute;; bạn c&oacute; thể tạo v&ocirc; v&agrave;n c&aacute;c trang con với nội dung kh&aacute;c nhau hay ngay cả về phần Blog để viết b&agrave;i v&agrave; đăng link b&agrave;i Blog đ&oacute; l&ecirc;n Facebook. Ch&uacute;ng đều đảm bảo, tuy nhi&ecirc;n ngo&agrave;i những b&agrave;i viết dạng gắn link như thế n&agrave;y (tr&ecirc;n b&agrave;i viết hoặc dưới phần b&igrave;nh luận), bạn cần c&oacute; nhiều dạng kh&aacute;c nữa để tặng lượng hiển thị cho page của m&igrave;nh.</li>\r\n</ul>\r\n<figure class=\"kg-card kg-gallery-card kg-width-wide kg-card-hascaption\">\r\n<div class=\"kg-gallery-container\">\r\n<div class=\"kg-gallery-row\">\r\n<div class=\"kg-gallery-image\"><img style=\"display: block; margin-left: auto; margin-right: auto;\" src=\"https://cdn-proxy.hoolacdn.com/hoola-blog/sgp1/blog/2024/06/A-nh-chu-p-Ma-n-hi-nh-2024-06-26-lu-c-11.30.41.png\" alt=\"\" width=\"1088\" height=\"1124\" loading=\"lazy\" data-action=\"zoom\"></div>\r\n<div class=\"kg-gallery-image\"><img src=\"https://cdn-proxy.hoolacdn.com/hoola-blog/sgp1/blog/2024/06/A-nh-chu-p-Ma-n-hi-nh-2024-06-26-lu-c-11.43.08.png\" alt=\"\" width=\"1224\" height=\"1238\" loading=\"lazy\" data-action=\"zoom\"></div>\r\n<div class=\"kg-gallery-image\"><img src=\"https://cdn-proxy.hoolacdn.com/hoola-blog/sgp1/blog/2024/06/A-nh-chu-p-Ma-n-hi-nh-2024-06-26-lu-c-11.43.51.png\" alt=\"\" width=\"1186\" height=\"1278\" loading=\"lazy\" data-action=\"zoom\"></div>\r\n</div>\r\n</div>\r\n<figcaption>C&aacute;c dạng đăng b&agrave;i gắn link m&agrave; bạn c&oacute; thể tham khảo</figcaption>\r\n</figure>\r\n<ul>\r\n<li><strong>Đối với Tiktok</strong>: Hiện tại Tiktok đang l&agrave; nền tảng media mạnh về Video ngắn v&agrave; Livestream v&agrave; họ c&oacute; ri&ecirc;ng một mảng về thương mại điện tử l&agrave; Tiktok shop. V&igrave; thế việc gắn link tr&ecirc;n c&aacute;c b&agrave;i đăng l&agrave; hiện tại, Tiktok chỉ hỗ trợ dạng link về sản phẩm (tr&ecirc;n Tiktok shop) hay link c&aacute;c sự kiện Live, mini game. Đối &nbsp;website elearning hiện tại c&oacute; thể bạn sẽ chưa c&oacute; giải ph&aacute;p để đăng c&aacute;c link về chương tr&igrave;nh đ&agrave;o tạo của m&igrave;nh, v&igrave; vậy h&atilde;y cứ l&agrave;m nội dung thu h&uacute;t người theo d&otilde;i v&agrave; gắn link tr&ecirc;n phần giới thiệu k&ecirc;nh của bạn, việc n&agrave;y đ&atilde; c&oacute; thể k&eacute;o rất nhiều traffic cho website dạy học của bạn.</li>\r\n<li><strong>Đối với Youtube</strong>: với k&ecirc;nh Youtube bạn c&oacute; thể đăng tải c&aacute;c video v&agrave; gắn link ở phần m&ocirc; tả một c&aacute;ch thoải m&aacute;i, n&ecirc;n gắn link đ&iacute;ch ph&ugrave; hợp với nội dung của video để điều hướng người xem sang website một c&aacute;ch ch&iacute;nh x&aacute;c.</li>\r\n</ul>\r\n<h3 id=\"3-%C4%91%C4%83ng-link-website-c%E1%BB%A7a-b%E1%BA%A1n-t%E1%BA%A1i-c%C3%A1c-h%E1%BB%99i-nh%C3%B3m-c%E1%BB%99ng-%C4%91%E1%BB%93ng-tr%C3%AAn-m%E1%BA%A1ng-x%C3%A3-h%E1%BB%99i\">3. Đăng link website của bạn tại c&aacute;c hội nh&oacute;m, cộng đồng tr&ecirc;n mạng x&atilde; hội</h3>\r\n<p>Ngo&agrave;i c&aacute;c k&ecirc;nh mạng x&atilde; hội mang t&iacute;nh thương hiệu ri&ecirc;ng, nh&agrave; đ&agrave;o tạo c&ograve;n c&oacute; thể tạo c&aacute;c hội nh&oacute;m tr&ecirc;n c&aacute;c k&ecirc;nh mạng x&atilde; hội. C&aacute;c k&ecirc;nh mạng x&atilde; hội phổ biến với c&aacute;c hội nh&oacute;m c&oacute; thể kể đến như Nh&oacute;m tr&ecirc;n Facebook, nh&oacute;m tr&ecirc;n Zalo, cộng đồng tr&ecirc;n Youtube, v.v. C&aacute;c k&ecirc;nh hội nh&oacute;m n&agrave;y c&oacute; xu hướng c&aacute; nh&acirc;n hơn, dễ d&agrave;ng tương t&aacute;c tốt hơn giữa c&aacute;c th&agrave;nh vi&ecirc;n v&agrave; quản trị vi&ecirc;n. Ngo&agrave;i ra c&aacute;c b&agrave;i viết tr&ecirc;n nh&oacute;m c&oacute; thể tr&igrave;nh b&agrave;y một c&aacute;ch chuy&ecirc;n s&acirc;u hơn c&aacute;c trang mạng x&atilde; hội.</p>\r\n<p>Với c&aacute;c hội nh&oacute;m m&agrave; bạn l&agrave; chủ sở hữu, việc đăng một li&ecirc;n kết hay link website để tăng traffic l&agrave; điều rất dễ hiểu v&agrave; hiển nhi&ecirc;n. Trong c&aacute;c nh&oacute;m, cộng đồng đ&oacute; bạn l&agrave; người tạo ra quy tắc v&agrave; chia sẻ, x&acirc;y dựng nội dung trong nh&oacute;m, v&igrave; vậy việc việc đăng link của website đ&agrave;o tạo cũng l&agrave; một việc l&agrave;m trong kế hoạch của bạn. Nhờ v&agrave;o t&iacute;nh tương t&aacute;c cao trong hội nh&oacute;m, việc đăng link website n&agrave;y mang lại hiệu quả về mặt traffic l&agrave; rất lớn, tuy vậy bạn cũng n&ecirc;n kh&eacute;o l&eacute;o lồng gh&eacute;p để b&agrave;i đăng c&oacute; chất lượng tốt nhất.</p>\r\n<p>Ngo&agrave;i những hội nh&oacute;m m&agrave; bạn l&agrave; quản trị vi&ecirc;n hay chủ sở hữu, th&igrave; tr&ecirc;n mạng x&atilde; hội cũng c&oacute; những hội nh&oacute;m thuộc về c&aacute; nh&acirc;n/tổ chức kh&aacute;c hoặc hội nh&oacute;m mang t&iacute;nh cộng đồng cao. Những hội nh&oacute;m n&agrave;y kh&ocirc;ng phải của bạn, v&igrave; vậy bạn cần lưu &yacute; tu&acirc;n thủ quy tắc của nh&oacute;m đ&oacute;. Khi n&agrave;y việc đăng hay gắn link website của m&igrave;nh tại c&aacute;c b&agrave;i post hay b&igrave;nh luận sẽ trở n&ecirc;n kh&oacute; khăn hơn một ch&uacute;t. Vậy bạn cần l&agrave;m g&igrave; để đạt được mục đ&iacute;ch cho việc k&eacute;o traffic của m&igrave;nh? H&atilde;y quan niệm trước khi đạt được mục đ&iacute;ch của m&igrave;nh th&igrave; h&atilde;y tạo gi&aacute; trị nhất định cho nh&oacute;m đ&oacute; trước, bạn c&oacute; thể giải đ&aacute;p c&aacute;c c&acirc;u hỏi, tăng tương t&aacute;c với c&aacute;c th&agrave;nh vi&ecirc;n hay quản trị vi&ecirc;n của nh&oacute;m đ&oacute;. Từ đ&oacute; việc bạn c&oacute; những b&agrave;i đăng hay b&igrave;nh luận k&egrave;m link website sẽ kh&ocirc;ng phải c&aacute;i g&igrave; đ&oacute; g&acirc;y phiền phức nữa, m&agrave; n&oacute; như l&agrave; một h&agrave;nh động mang lại gi&aacute; trị cho họ.</p>\r\n<h3 id=\"4-ch%E1%BA%A1y-c%C3%A1c-chi%E1%BA%BFn-d%E1%BB%8Bch-qu%E1%BA%A3ng-c%C3%A1o-tr%E1%BA%A3-ph%C3%AD-tr%C3%AAn-m%E1%BA%A1ng-x%C3%A3-h%E1%BB%99i\">4. Chạy c&aacute;c chiến dịch quảng c&aacute;o trả ph&iacute; tr&ecirc;n mạng x&atilde; hội</h3>\r\n<p>Kh&ocirc;ng c&ograve;n nghi ngờ g&igrave; nữa đ&acirc;y l&agrave; c&aacute;ch tăng traffic cho website dạy học của bạn một c&aacute;ch nhanh ch&oacute;ng, kh&ocirc;ng mất qu&aacute; nhiều thời gian. Khi bạn chấp nhận chi trả cho c&aacute;c nền tảng mạng x&atilde; hội, n&oacute; sẽ gi&uacute;p bạn tiếp cận đến c&aacute;c người d&ugrave;ng tuỳ theo mục ti&ecirc;u quảng c&aacute;o, từ đ&oacute; tăng lượng traffic l&ecirc;n gấp nhiều lần. Với mỗi k&ecirc;nh mạng x&atilde; hội kh&aacute;c nhau như Facebook, Tiktok, Youtube... cũng sẽ c&oacute; những c&aacute;c thiết lập quảng c&aacute;o kh&aacute;c nhau. V&iacute; dụ như:</p>\r\n<ul>\r\n<li><strong>Facebook</strong>: Với Facebook, n&oacute; cho ph&eacute;p bạn tạo chiến dịch quảng c&aacute;o với c&aacute;c mục ti&ecirc;u chiến dịch kh&aacute;c nhau để ngay lập tức tương t&aacute;c đến website của bạn như \'Lưu lượng truy cập\', \'Lượt tương t&aacute;c\', \'Kh&aacute;ch h&agrave;ng tiềm năng\', \'Doanh số\'. Những mục ti&ecirc;u n&agrave;y gi&uacute;p bạn chạy quảng c&aacute;o hướng tới c&aacute;c đối tượng h&agrave;nh vi tương tự để bạn đạt được n&oacute;. Dĩ nhi&ecirc;n với mục ti&ecirc;u tăng traffic th&igrave; bạn c&oacute; thể chọn \'Lưu lượng truy cập\', n&oacute; sẽ gi&uacute;p bạn c&oacute; lượng traffic tới website nhiều nhất, nhanh nhất; tuy nhi&ecirc;n n&oacute; chưa chắc l&agrave; những traffic chất lượng nhất. V&igrave; vậy bạn cần c&acirc;n nhắc th&ecirc;m c&aacute;c mục ti&ecirc;u về \'Kh&aacute;ch h&agrave;ng tiềm năng\' hoặc l&agrave; \'Doanh số\'.</li>\r\n</ul>\r\n</section>', 'uploads/1744857346_2pk7zgdp2l731.jpg', '2025-04-17 02:35:46', 'nguyen', 1),
(13, 'CÁC CHỦ ĐỀ KHÓA HỌC TRỰC TUYẾN BẠN KHÔNG NÊN BỎ QUA', '<div class=\"blog-header\">\r\n<p class=\"blog-post-meta\">by Mai Vũ | 04/11/2022 | Lượt xem: 1342</p>\r\n</div>\r\n<div id=\"content_news\" class=\"blog-post\">\r\n<p dir=\"ltr\"><em><strong>Bạn đang nghĩ đến việc biến đam m&ecirc; của m&igrave;nh th&agrave;nh một kh&oacute;a học trực tuyến? Cho d&ugrave; bạn l&agrave; một chuy&ecirc;n gia nổi tiếng m&agrave; mọi người đều ngưỡng mộ, một nh&agrave; gi&aacute;o dục chuy&ecirc;n nghiệp hay một người đam m&ecirc; học hỏi, bạn đều l&agrave; một người s&aacute;ng tạo kh&oacute;a học tiềm năng. Bạn c&oacute; thể tạo một kh&oacute;a học trực tuyến v&agrave; chia sẻ kiến ​​thức của m&igrave;nh với thế giới. B&agrave;i viết n&agrave;y l&agrave; d&agrave;nh cho bạn với c&aacute;c chủ đề hấp dẫn, hot nhất hiện nay chắc chắn bạn kh&ocirc;ng n&ecirc;n bỏ qua.</strong></em></p>\r\n<h4 dir=\"ltr\"><strong>C&aacute;ch t&igrave;m chủ đề cho kh&oacute;a học trực tuyến của bạn</strong></h4>\r\n<p dir=\"ltr\">Trước ti&ecirc;n, h&atilde;y bắt đầu bằng c&aacute;ch trả lời ba c&acirc;u hỏi sau, để t&igrave;m chủ đề thực sự truyền cảm hứng cho bạn s&aacute;ng tạo v&agrave; giảng dạy:</p>\r\n<p dir=\"ltr\">- Bạn biết g&igrave;?</p>\r\n<p dir=\"ltr\">- Bạn y&ecirc;u th&iacute;ch điều g&igrave;?</p>\r\n<p dir=\"ltr\">- Mọi người cần g&igrave;?</p>\r\n<p dir=\"ltr\"><strong>Bạn biết g&igrave;?</strong></p>\r\n<p dir=\"ltr\">Để dạy bất kỳ chủ đề n&agrave;o, bạn cần phải l&agrave; một chuy&ecirc;n gia về chủ đề đ&oacute;. Tuy nhi&ecirc;n, bạn kh&ocirc;ng cần phải l&agrave; Guru của chủ đề. Bất cứ ai cũng c&oacute; thể dạy một m&ocirc;n học m&agrave; họ biết r&otilde;, miễn l&agrave; họ đam m&ecirc; v&agrave; c&oacute; một c&aacute;i g&igrave; đ&oacute; m&agrave; người kh&aacute;c muốn.</p>\r\n<p dir=\"ltr\">Đ&acirc;y c&oacute; thể l&agrave; kiến ​​thức đến từ:</p>\r\n<p><strong>Kinh nghiệm l&agrave;m việc</strong>: Bạn l&agrave; một chuy&ecirc;n gia về những g&igrave; bạn l&agrave;m hoặc c&oacute; thể đưa ra những cải tiến về &ldquo;năng suất&rdquo; v&agrave; &ldquo;năng suất&rdquo; th&ocirc;ng qua việc giảng dạy của bạn. Đ&acirc;y l&agrave; những g&igrave; ch&uacute;ng t&ocirc;i gọi l&agrave; đ&agrave;o tạo chuy&ecirc;n nghiệp.</p>\r\n<p dir=\"ltr\"><strong>Được chứng nhận</strong>: Bạn c&oacute; thể được chứng nhận để dạy một chủ đề, chẳng hạn như gi&aacute;o vi&ecirc;n dạy to&aacute;n, hướng dẫn vi&ecirc;n yoga hoặc huấn luyện vi&ecirc;n chuy&ecirc;n nghiệp. Bạn cũng c&oacute; thể bao gồm c&aacute;c chủ đề cho CPE như đ&agrave;o tạo suốt đời cho một nghề.</p>\r\n<p dir=\"ltr\"><strong>Người theo sở th&iacute;ch</strong>: Bạn đ&atilde; đam m&ecirc; sở th&iacute;ch đến mức bạn c&oacute; thể dạy những người mới bắt đầu hoặc thậm ch&iacute; c&oacute; kinh nghiệm hơn v&agrave; chia sẻ kinh nghiệm của bạn. Người ảnh hưởng: Trong trường hợp n&agrave;y, bạn đ&atilde; t&iacute;ch lũy được một số lượng người theo d&otilde;i. Giờ đ&acirc;y, những người theo d&otilde;i bạn y&ecirc;u cầu bạn dạy họ một chủ đề m&agrave; bạn đ&atilde; trở th&agrave;nh chuy&ecirc;n gia. Hoặc, bạn c&oacute; thể cung cấp c&aacute;c kh&oacute;a học về lĩnh vực m&agrave; bạn chuy&ecirc;n l&agrave;m người ảnh hưởng, tư vấn l&agrave;m đẹp, nhiếp ảnh, trang tr&iacute;, v.v.</p>\r\n<p dir=\"ltr\"><strong>Bạn y&ecirc;u th&iacute;ch điều g&igrave;?</strong></p>\r\n<p dir=\"ltr\">Biết l&agrave; kh&ocirc;ng đủ. Bạn cần phải y&ecirc;u những g&igrave; bạn l&agrave;m. Nếu bạn kh&ocirc;ng y&ecirc;u th&iacute;ch những g&igrave; bạn l&agrave;m, rất c&oacute; thể bạn sẽ kh&ocirc;ng th&agrave;nh c&ocirc;ng. Bạn cần tự hỏi bản th&acirc;n, liệu m&igrave;nh c&oacute; đủ đam m&ecirc; để l&agrave;m việc trong th&aacute;ng, năm hoặc thậm ch&iacute; cả đời để giảng dạy m&ocirc;n học n&agrave;y kh&ocirc;ng?</p>\r\n<p dir=\"ltr\">Niềm đam m&ecirc; của bạn sẽ chảy xuy&ecirc;n suốt kh&oacute;a học v&agrave; học vi&ecirc;n của bạn sẽ cảm nhận được điều đ&oacute;. Bạn cần c&oacute; khả năng truyền cảm hứng cho người kh&aacute;c để dạy v&agrave; bạn cần ki&ecirc;n tr&igrave; x&acirc;y dựng c&ocirc;ng việc kinh doanh kh&oacute;a học của m&igrave;nh .</p>\r\n<p dir=\"ltr\"><strong>Mọi người cần g&igrave;?</strong></p>\r\n<p dir=\"ltr\">Tại thời điểm n&agrave;y, đ&atilde; đến l&uacute;c chuyển đổi kh&oacute;a học của bạn th&agrave;nh một c&ocirc;ng việc kinh doanh c&oacute; l&atilde;i. Bạn cần phải xem x&eacute;t sự cần thiết .</p>\r\n<p dir=\"ltr\">Bạn phải giải quyết một vấn đề cho người kh&aacute;c để b&aacute;n được kh&oacute;a học của m&igrave;nh. H&atilde;y xem x&eacute;t c&aacute;c yếu tố sau:</p>\r\n<p dir=\"ltr\">- C&oacute; phải người kh&aacute;c đang hỏi bạn lời khuy&ecirc;n về chủ đề n&agrave;y kh&ocirc;ng?</p>\r\n<p dir=\"ltr\">- Bạn c&oacute; biết c&oacute; một khoảng trống tr&ecirc;n thị trường?</p>\r\n<p dir=\"ltr\">- C&oacute; ai sẽ trả tiền để nhận được kiến ​​thức n&agrave;y kh&ocirc;ng?</p>\r\n<p dir=\"ltr\">V&agrave; sau khi x&aacute;c định được ba c&acirc;u hỏi tr&ecirc;n, đến l&uacute;c bạn n&ecirc;n chọn cho m&igrave;nh một chủ đề ri&ecirc;ng, một chủ đề c&oacute; thể l&agrave; ng&aacute;ch để bạn c&oacute; thể dễ d&agrave;ng tạo v&agrave; b&aacute;n kho&aacute; học.</p>\r\n<p dir=\"ltr\"><img style=\"display: block; margin-left: auto; margin-right: auto;\" src=\"https://edubit.vn/data/blog/photo_1667533807.jpg?v=1667533808\" alt=\"\"></p>\r\n<p dir=\"ltr\"><strong>Huấn luyện</strong></p>\r\n<p dir=\"ltr\">Huấn luyện trực tuyến đang gia tăng. Mọi người đang t&igrave;m kiếm hướng đi trong cuộc sống của họ v&agrave; t&igrave;m đến c&aacute;c huấn luyện vi&ecirc;n chuy&ecirc;n nghiệp để gi&uacute;p họ trong nhiều kh&iacute;a cạnh của cuộc sống. Huấn luyện trực tuyến đang gia tăng v&agrave; ch&uacute;ng t&ocirc;i hy vọng sẽ c&oacute; nhiều người chuyển sang huấn luyện trong v&agrave;i năm tới.</p>\r\n<p dir=\"ltr\">Huấn luyện c&oacute; nhiều h&igrave;nh thức kh&aacute;c nhau v&agrave; thường được coi l&agrave; tự cải thiện. Mặc d&ugrave; bạn kh&ocirc;ng cần phải l&agrave; một huấn luyện vi&ecirc;n được chứng nhận để cung cấp một kh&oacute;a học trực tuyến về huấn luyện, nhưng việc nhận được chứng chỉ về huấn luyện sẽ gi&uacute;p bạn thu h&uacute;t người học rất nhiều.</p>\r\n<p dir=\"ltr\">C&aacute;c chủ đề phổ biến để huấn luyện bao gồm:</p>\r\n<p dir=\"ltr\">- Gia đ&igrave;nh, Hẹn h&ograve; &amp; Mối quan hệ</p>\r\n<p dir=\"ltr\">- Tự cải thiện</p>\r\n<p dir=\"ltr\">- Cố vấn</p>\r\n<p dir=\"ltr\">- Huấn luyện kinh doanh</p>\r\n<p dir=\"ltr\">- Giao tiếp giữa c&aacute;c c&aacute; nh&acirc;n</p>\r\n<p dir=\"ltr\"><strong>Sức khỏe&nbsp;</strong></p>\r\n<p dir=\"ltr\">Nhiều người t&igrave;m đến c&aacute;c kh&oacute;a học trực tuyến để t&igrave;m c&aacute;ch cải thiện chế độ ăn uống, giảm c&acirc;n, học thiền hoặc bắt đầu một th&oacute;i quen l&agrave;nh mạnh như yoga. Ng&agrave;y c&agrave;ng thấy sự gia tăng c&aacute;c kh&oacute;a học trực tuyến li&ecirc;n quan đến sức khỏe t&acirc;m thần v&agrave; giữ g&igrave;n sức khỏe tại nh&agrave;, v&igrave; ai cũng quan t&acirc;m đến sức khỏe của bản th&acirc;n v&agrave; gia đ&igrave;nh.</p>\r\n<p dir=\"ltr\">- Ăn uống &amp; Ăn ki&ecirc;ng (v&iacute; dụ: Thuần chay, Ăn chay, Giảm c&acirc;n)</p>\r\n<p dir=\"ltr\">- Thiền</p>\r\n<p dir=\"ltr\">- Yoga</p>\r\n<p dir=\"ltr\">- Sức khỏe tinh thần</p>\r\n<p dir=\"ltr\"><strong>&gt;&gt;&nbsp;<a href=\"https://edubit.vn/blog/huan-luyen-la-gi-huan-luyen-khac-voi-cac-mo-hinh-khac-nhu-the-nao\">Huấn luyện l&agrave; g&igrave;? Huấn luyện kh&aacute;c với những m&ocirc; h&igrave;nh kh&aacute;c như thế n&agrave;o</a></strong></p>\r\n<p dir=\"ltr\"><strong>&gt;&gt;&nbsp;<a href=\"https://edubit.vn/blog/cac-meo-de-co-blog-thanh-cong-trong-day-hoc-truc-tuyen\">C&aacute;c mẹo để c&oacute; blog th&agrave;nh c&ocirc;ng trong dạy học trực tuyến</a></strong></p>\r\n<p dir=\"ltr\"><strong>&gt;&gt;&nbsp;<a href=\"https://edubit.vn/blog/3-uu-diem-cua-viec-ban-cac-khoa-hoc-online-cua-ban-duoi-dang-mua-hang-mot-lan\">3 ưu điểm của việc b&aacute;n kho&aacute; học online của bạn dưới dạng mua h&agrave;ng một lần</a></strong></p>\r\n<p dir=\"ltr\"><strong>Ph&aacute;t triển c&aacute; nh&acirc;n</strong></p>\r\n<p dir=\"ltr\">Hơn cả một xu hướng, một phần thiết yếu trong cuộc sống của ch&uacute;ng ta l&agrave; sự ph&aacute;t triển c&aacute; nh&acirc;n. Một xu hướng rất th&uacute; vị đ&atilde; gia tăng trong v&agrave;i năm qua v&agrave; dự kiến ​​sẽ ph&aacute;t triển theo nhu cầu l&agrave; x&acirc;y dựng thương hiệu c&aacute; nh&acirc;n. Nhiều người muốn thể hiện m&igrave;nh trong c&ocirc;ng việc hoặc tr&ecirc;n mạng x&atilde; hội v&agrave; thương hiệu c&aacute; nh&acirc;n l&agrave; c&aacute;ch để l&agrave;m điều đ&oacute;.</p>\r\n<p dir=\"ltr\">Một xu hướng kh&oacute;a học đang gia tăng kh&aacute;c l&agrave; điều hướng kỹ thuật số, học c&aacute;c kỹ năng trong thế giới kỹ thuật số kh&ocirc;ng ngừng ph&aacute;t triển. C&aacute;c kh&oacute;a học điều hướng kỹ thuật số dạy c&aacute;c c&ocirc;ng cụ ph&ugrave; hợp để điều hướng cuộc sống tr&ecirc;n web! Một số chủ đề bạn c&oacute; thể tham khảo như:</p>\r\n<p dir=\"ltr\">- T&agrave;i ch&iacute;nh c&aacute; nh&acirc;n</p>\r\n<p dir=\"ltr\">- Quản l&yacute; thời gian</p>\r\n<p dir=\"ltr\">- Kh&oacute;a học ng&ocirc;n ngữ</p>\r\n<p dir=\"ltr\"><strong>Kh&oacute;a học Kinh doanh &amp; Khởi nghiệp</strong></p>\r\n<p dir=\"ltr\">Tiếp theo l&agrave; c&aacute;c kh&oacute;a học kinh doanh v&agrave; khởi nghiệp. C&aacute;c kh&oacute;a học kinh doanh dạy bất cứ điều g&igrave; từ t&agrave;i ch&iacute;nh đến quản l&yacute; dự &aacute;n hoặc c&aacute;ch trở th&agrave;nh một doanh nh&acirc;n. Mọi thứ bạn cần biết để tồn tại v&agrave; ph&aacute;t triển trong m&ocirc;i trường doanh nghiệp.</p>\r\n<p dir=\"ltr\">Một chủ đề đang nổi l&ecirc;n v&agrave; đang ph&aacute;t triển tr&ecirc;n khắp thế giới l&agrave; sự đa dạng v&agrave; h&ograve;a nhập. Ch&uacute;ng t&ocirc;i thấy cuộc tr&ograve; chuyện về sự đa dạng trong nơi l&agrave;m việc v&agrave; sự h&ograve;a nhập ng&agrave;y c&agrave;ng tăng, đặc biệt l&agrave; với sự gia tăng của l&agrave;m việc từ xa.</p>\r\n<p>C&aacute;c lĩnh vực chủ đề kh&oacute;a học bạn c&oacute; thể giảng dạy sẽ l&agrave;:</p>\r\n<p dir=\"ltr\">- Tinh thần kinh doanh</p>\r\n<p dir=\"ltr\">- Chuyển đổi kỹ thuật số</p>\r\n<p dir=\"ltr\">- T&agrave;i ch&iacute;nh</p>\r\n<p dir=\"ltr\">- Quản l&yacute; dự &aacute;n</p>\r\n<p dir=\"ltr\"><img style=\"display: block; margin-left: auto; margin-right: auto;\" src=\"https://edubit.vn/data/blog/photo_1667533911.jpg?v=1667533912\" alt=\"\"></p>\r\n<p dir=\"ltr\"><strong>Đầu tư c&aacute; nh&acirc;n / T&agrave;i ch&iacute;nh</strong></p>\r\n<p dir=\"ltr\">Lockdowns, Bitcoin, cổ phiếu c&ocirc;ng nghệ, thị trường đang b&ugrave;ng nổ v&agrave; điều n&agrave;y đ&atilde; thu h&uacute;t rất nhiều nh&agrave; đầu tư mới t&igrave;m kiếm c&aacute;c trang web tư vấn đầu tư để hiểu c&aacute;ch đầu tư tiền của họ.</p>\r\n<p dir=\"ltr\">Trong khi c&aacute;c cộng đồng trực tuyến trong c&aacute;c Nh&oacute;m Facebook, c&aacute;c cuộc tr&ograve; chuyện v&agrave; c&aacute;c nơi kh&aacute;c c&oacute; thể được truy cập miễn ph&iacute;, th&igrave; c&oacute; những người đang t&igrave;m kiếm một nền gi&aacute;o dục nghi&ecirc;m t&uacute;c hơn về c&aacute;ch đầu tư. C&aacute;c kh&oacute;a đ&agrave;o tạo ngoại hối đ&atilde; ở đ&acirc;y được một thời gian, nhưng c&aacute;c kh&oacute;a học về blockchain/ tiền điện tử bắt đầu như một chủ đề th&iacute;ch hợp cho một đối tượng mục ti&ecirc;u đang trở th&agrave;nh xu hướng phổ biến.</p>\r\n<p dir=\"ltr\">T&igrave;m kiếm &yacute; tưởng để khiến c&aacute;c nh&agrave; đầu tư chi tiền của họ? Nếu bạn l&agrave; chuy&ecirc;n gia trong bất kỳ lĩnh vực n&agrave;o trong số n&agrave;y, bạn n&ecirc;n bắt đầu kh&oacute;a học của m&igrave;nh ngay b&acirc;y giờ:</p>\r\n<p dir=\"ltr\">- Thị trường chứng kho&aacute;n</p>\r\n<p dir=\"ltr\">- Ngoại hối</p>\r\n<p dir=\"ltr\">- Blockchain / Crypto</p>\r\n<p dir=\"ltr\">- NFT (M&atilde; kh&ocirc;ng Fungible)</p>\r\n<p dir=\"ltr\">- Blockchain / Crypto</p>\r\n<p dir=\"ltr\">- Địa ốc</p>\r\n<p dir=\"ltr\"><strong>&gt;&gt;&nbsp;<a href=\"https://edubit.vn/blog/lam-the-nao-de-day-toan-tieu-hoc-mot-cach-hieu-qua-nhat-co-the\">L&agrave;m thế n&agrave;o để dạy to&aacute;n tiểu học một c&aacute;ch hiệu quả nhất</a></strong></p>\r\n<p dir=\"ltr\"><strong>&gt;&gt;&nbsp;<a href=\"https://edubit.vn/blog/4-phuong-phap-giang-day-giup-ban-quan-ly-lop-hoc-tot-hon\">4 phương ph&aacute;p giảng dạy gi&uacute;p bạn quản l&yacute; lớp học tốt hơn</a></strong></p>\r\n<p dir=\"ltr\"><strong>&gt;&gt;&nbsp;<a href=\"https://edubit.vn/blog/7-dieu-can-tim-trong-he-thong-lms\">7 điều cần t&igrave;m trong hệ thống LMS</a></strong></p>\r\n<p dir=\"ltr\"><strong>Kiếm tiền trực tuyến</strong></p>\r\n<p dir=\"ltr\">Bạn c&oacute; thể nghĩ rằng kiếm tiền trực tuyến nhờ v&agrave;o c&aacute;c chủ đề kinh doanh hoặc khởi nghiệp, nhưng n&oacute; rất rộng lớn, bản th&acirc;n n&oacute; phải l&agrave; một phạm tr&ugrave;.</p>\r\n<p dir=\"ltr\">Tinh thần kinh doanh l&agrave; bản chất của con người v&agrave; cho d&ugrave; ai đ&oacute; đang cố gắng kiếm tiền, x&acirc;y dựng một doanh nghiệp nhỏ hay c&ocirc;ng ty khởi nghiệp, th&igrave; những người s&aacute;ng tạo v&agrave; huấn luyện vi&ecirc;n kh&oacute;a học đều ở đ&oacute; để dạy v&agrave; hướng dẫn.</p>\r\n<p dir=\"ltr\">Dạy c&aacute;c nguy&ecirc;n tắc cơ bản của việc điều h&agrave;nh một doanh nghiệp l&agrave; điều cần thiết cho những người đang t&igrave;m kiếm sự tự do t&agrave;i ch&iacute;nh. Một số c&aacute;ch kiếm tiền trực tuyến được y&ecirc;u th&iacute;ch l&agrave; ph&aacute;t triển trang web, blog hoặc podcast v&agrave; tạo danh s&aacute;ch email để b&aacute;n c&aacute;c kh&oacute;a học, sản phẩm vật chất hoặc trở th&agrave;nh đơn vị li&ecirc;n kết.</p>\r\n<p dir=\"ltr\">Tất cả những điều đ&oacute; đều l&agrave; những chủ đề tuyệt vời. Th&ocirc;ng thường, c&aacute;c doanh nh&acirc;n th&agrave;nh c&ocirc;ng hoặc những người c&oacute; ảnh hưởng kết th&uacute;c bằng việc tạo ra một kh&oacute;a học dạy những người kh&aacute;c c&aacute;ch l&agrave;m điều đ&oacute; bằng c&aacute;ch l&agrave;m theo c&aacute;c bước của họ. Bạn c&oacute; nằm trong số đ&oacute; kh&ocirc;ng?</p>\r\n<p dir=\"ltr\">Sau đ&oacute;, bạn c&oacute; thể dạy:</p>\r\n<p dir=\"ltr\">- Viết blog</p>\r\n<p dir=\"ltr\">- Podcasting</p>\r\n<p dir=\"ltr\">- Tiếp thị li&ecirc;n kết</p>\r\n<p dir=\"ltr\">- B&aacute;n h&agrave;ng / li&ecirc;n kết Amazon</p>\r\n<p dir=\"ltr\">- Thương mại điện tử</p>\r\n<p dir=\"ltr\"><strong>CNTT &amp; Phần mềm</strong></p>\r\n<p dir=\"ltr\">Metaverse, AR / VR, AI, UI / UX, bảo mật, ưu ti&ecirc;n thiết bị di động, m&atilde; h&oacute;a, kh&ocirc;ng cần m&atilde;&hellip; rất nhiều thứ cần theo d&otilde;i trong m&ocirc;i trường c&ocirc;ng nghệ ph&aacute;t triển nhanh ch&oacute;ng.</p>\r\n<p dir=\"ltr\">Nhu cầu học lập tr&igrave;nh hoặc thậm ch&iacute; sử dụng lập tr&igrave;nh kh&ocirc;ng m&atilde; ng&agrave;y c&agrave;ng tăng, trong khi rất nhiều c&ocirc;ng nghệ mới v&agrave; luồng kh&ocirc;ng gian mạng đang xuất hiện. C&aacute;c kh&oacute;a học để giải quyết nhu cầu ng&agrave;y c&agrave;ng tăng để theo kịp những thay đổi c&ocirc;ng nghệ kh&ocirc;ng phải l&agrave; một điều mới, nhưng ch&uacute;ng sẽ ph&aacute;t triển đ&aacute;ng kể.</p>\r\n<p dir=\"ltr\">Năm nay đ&atilde; chứng kiến ​​một cuộc tr&ograve; chuyện lớn bắt đầu từ blockchain đến an ninh mạng, đến th&ocirc;ng b&aacute;o khổng lồ của Meta (Facebook), nhưng rất nhiều thay đổi đ&atilde; diễn ra trong &acirc;m thầm.</p>\r\n<p dir=\"ltr\">Cả c&aacute; nh&acirc;n v&agrave; c&ocirc;ng ty sẽ tập trung v&agrave;o gi&aacute;o dục để xử l&yacute; c&aacute;c thay đổi. Bạn c&oacute; thể cung cấp c&aacute;c giải ph&aacute;p?</p>\r\n<p dir=\"ltr\">Dưới đ&acirc;y l&agrave; một số chủ đề kh&oacute;a học bạn c&oacute; thể giảng dạy trong năm tới:</p>\r\n<p dir=\"ltr\">- C&aacute;c kh&oacute;a học AR / VR (Metaverse)</p>\r\n<p dir=\"ltr\">- An ninh mạng</p>\r\n<p dir=\"ltr\">- Python</p>\r\n<p dir=\"ltr\">- Thiết kế đ&aacute;p ứng</p>\r\n<p dir=\"ltr\">- UI / UX</p>\r\n<p dir=\"ltr\">- Ph&aacute;t triển WordPress</p>\r\n<p dir=\"ltr\">- Cơ sở hạ tầng kỹ thuật số (m&aacute;y chủ Microsoft hoặc AWS)</p>\r\n<p dir=\"ltr\">- Ph&aacute;t triển kh&ocirc;ng m&atilde;</p>\r\n<p dir=\"ltr\"><strong>Học thuật &amp; K12</strong></p>\r\n<p dir=\"ltr\">Gi&aacute;o dục tại nh&agrave; đ&atilde; trở th&agrave;nh xu hướng ngay cả trước khi đại dịch xảy ra, c&oacute; li&ecirc;n quan v&agrave; đại dịch chỉ đẩy nhanh xu hướng n&agrave;y. T&igrave;m kiếm một gia sư trực tuyến hoặc một kh&oacute;a học để n&acirc;ng cao kỹ năng STEM của bạn l&ecirc;n cấp độ mới lu&ocirc;n ở đ&acirc;y, nhưng hiện nay, nhiều người đang t&igrave;m kiếm c&aacute;c m&ocirc;n học để học trực tuyến hơn.</p>\r\n<p dir=\"ltr\">C&aacute;c m&ocirc;n khoa học x&atilde; hội, như t&acirc;m l&yacute; học, cho thấy xu hướng ph&aacute;t triển ng&agrave;y c&agrave;ng tăng trong lĩnh vực gi&aacute;o dục tại nh&agrave; của ng&agrave;nh luyện thi.</p>\r\n<p dir=\"ltr\">Luyện thi c&oacute; thể c&oacute; nhiều h&igrave;nh thức, từ thi v&agrave;o đại học, trường y, đ&aacute;nh gi&aacute; của gi&aacute;o vi&ecirc;n đến thi trung học v&agrave; học thuật. Nếu bạn l&agrave; một gia sư tuyệt vời, người đ&atilde; l&agrave;m rung chuyển c&aacute;c kỳ thi của bạn hoặc một gi&aacute;o vi&ecirc;n, bạn c&oacute; thể tạo nội dung cho:</p>\r\n<p dir=\"ltr\">- To&aacute;n học</p>\r\n<p dir=\"ltr\">- Vật l&yacute;</p>\r\n<p dir=\"ltr\">- Gi&aacute;o dục tại nh&agrave;</p>\r\n<p dir=\"ltr\">- T&acirc;m l&yacute;</p>\r\n<p dir=\"ltr\">- &Ocirc;n thi</p>\r\n<p dir=\"ltr\"><strong>Thiết kế, Nhiếp ảnh &amp; Video</strong></p>\r\n<p dir=\"ltr\">Bạn l&agrave; người th&iacute;ch s&aacute;ng tạo hay chuy&ecirc;n gia trong nhiều c&ocirc;ng cụ phần mềm của Adobe để thiết kế v&agrave; chỉnh sửa video?</p>\r\n<p dir=\"ltr\">Cho d&ugrave; bạn l&agrave; một chuy&ecirc;n gia d&agrave;y dặn kinh nghiệm hay một người đam m&ecirc; c&ocirc;ng việc, việc dạy kỹ năng chỉnh sửa ảnh / video lu&ocirc;n được ch&uacute; &yacute;.</p>\r\n<p dir=\"ltr\">V&agrave;i năm trở lại đ&acirc;y, xu hướng chụp ảnh di động v&agrave; chụp ảnh đồ ăn đang nổi l&ecirc;n. Ch&uacute;ng t&ocirc;i hy vọng sẽ thấy nhiều kh&oacute;a học hơn nữa dạy c&aacute;c bi&ecirc;n tập vi&ecirc;n video về c&aacute;ch tạo ra c&aacute;c t&aacute;c phẩm giả mạo s&acirc;u sắc cho mạng x&atilde; hội, phim ảnh v&agrave; c&aacute;c t&aacute;c phẩm chuy&ecirc;n nghiệp.</p>\r\n<p dir=\"ltr\">L&agrave;m thế n&agrave;o về việc chia sẻ kiến ​​thức chuy&ecirc;n m&ocirc;n v&agrave; kỹ năng của bạn trong bất kỳ chủ đề n&agrave;o dưới đ&acirc;y?</p>\r\n<p dir=\"ltr\">- Photoshop</p>\r\n<p dir=\"ltr\">- Thiết kế đồ họa</p>\r\n<p dir=\"ltr\">- Chỉnh sửa video</p>\r\n<p dir=\"ltr\">- Chụp ảnh đồ ăn</p>\r\n</div>', 'uploads/1744857442_1d0babecff9556cb0f84.jpg', '2025-04-17 02:37:22', 'nguyen', 1);
INSERT INTO `blog` (`id`, `title`, `content`, `image`, `created_at`, `author`, `is_visible`) VALUES
(14, '10 Website học online - học trực tuyến uy tín hiện nay', '<p>Dưới đ&acirc;y l&agrave; một số website học trực tuyến đang chiếm tỷ lệ người d&ugrave;ng truy cập cao nhất v&agrave; nhận được nhiều đ&aacute;nh gi&aacute; t&iacute;ch cực từ chuy&ecirc;n gia, tham khảo ngay nh&eacute;!</p>\r\n<h3><strong>1. Gitiho</strong></h3>\r\n<p>Gitiho l&agrave; trang web học trực tuyến đa dạng, s&aacute;ng tạo được nhiều người d&ugrave;ng v&ocirc; c&ugrave;ng y&ecirc;u th&iacute;ch. Kh&ocirc;ng qu&aacute; đa dạng như c&aacute;c website kh&aacute;c, gitiho mang đến cho bạn những kh&oacute;a học về&nbsp;<a href=\"https://gitiho.com/category/1-tin-hoc-van-phong\" target=\"_blank\" rel=\"noopener\">tin học văn ph&ograve;ng</a>, học ph&acirc;n t&iacute;ch dữ liệu, ngoại ngữ, thiết kế, marketing, sale, lập tr&igrave;nh&hellip;</p>\r\n<p>Tuy nhi&ecirc;n, nổi bật nhất vẫn l&agrave; c&aacute;c kh&oacute;a học về tin học văn ph&ograve;ng như c&aacute;c thủ thuật excel, tuyệt đỉnh powerpoint, viết code trong tầm tay&hellip; gi&uacute;p bạn nắm vững c&aacute;c kỹ năng tin học để ứng dụng v&agrave;o trong c&ocirc;ng việc hằng ng&agrave;y một c&aacute;ch tốt nhất.</p>\r\n<h3><strong>XEM NGAY</strong></h3>\r\n<h4><a href=\"https://gitiho.com/blog/ma-giam-gia-gitiho-50.html\" target=\"_blank\" rel=\"noopener\">M&Atilde; GIẢM GI&Aacute; GITIHO 50% TO&Agrave;N BỘ KH&Oacute;A HỌC MỚI NHẤT</a></h4>\r\n<figure class=\"image\"><img class=\" lazyload\" src=\"https://gitiho.com/caches/p_medium_large//uploads/315313/images/image_website-hoc-online-2.jpg\" sizes=\"(max-width: 395px) 395px,768px\" srcset=\"https://gitiho.com/caches/p_small_large//uploads/315313/images/image_website-hoc-online-2.jpg 395w, https://gitiho.com/caches/p_medium_large//uploads/315313/images/image_website-hoc-online-2.jpg 768w\" alt=\"10 Website học online - học trực tuyến uy t&iacute;n hiện nay\" data-src=\"https://gitiho.com/caches/p_medium_large//uploads/315313/images/image_website-hoc-online-2.jpg\" data-srcset=\"https://gitiho.com/caches/p_small_large//uploads/315313/images/image_website-hoc-online-2.jpg 395w, https://gitiho.com/caches/p_medium_large//uploads/315313/images/image_website-hoc-online-2.jpg 768w\">\r\n<figcaption>Giao diện Website v&ocirc; c&ugrave;ng bắt mắt của Gitiho</figcaption>\r\n</figure>\r\n<figure class=\"image\"><img class=\" lazyload\" src=\"https://gitiho.com/caches/p_medium_large//uploads/315313/images/image_website-hoc-online-3.jpg\" sizes=\"(max-width: 395px) 395px,768px\" srcset=\"https://gitiho.com/caches/p_small_large//uploads/315313/images/image_website-hoc-online-3.jpg 395w, https://gitiho.com/caches/p_medium_large//uploads/315313/images/image_website-hoc-online-3.jpg 768w\" alt=\"10 Website học online - học trực tuyến uy t&iacute;n hiện nay\" data-src=\"https://gitiho.com/caches/p_medium_large//uploads/315313/images/image_website-hoc-online-3.jpg\" data-srcset=\"https://gitiho.com/caches/p_small_large//uploads/315313/images/image_website-hoc-online-3.jpg 395w, https://gitiho.com/caches/p_medium_large//uploads/315313/images/image_website-hoc-online-3.jpg 768w\">\r\n<figcaption>Một số người d&ugrave;ng đ&aacute;nh gi&aacute; về kh&oacute;a học tin học của Gitiho</figcaption>\r\n</figure>\r\n<h3><strong>2. Học m&atilde;i</strong></h3>\r\n<p>Học m&atilde;i l&agrave; nền tảng học trực tuyến được th&agrave;nh lập v&agrave;o năm 2017 với đội ngũ gi&aacute;o vi&ecirc;n hơn 100 thầy, c&ocirc; gi&aacute;o c&oacute; chuy&ecirc;n m&ocirc;n cao, tr&aacute;ch nhiệm v&agrave; tận t&igrave;nh. Đ&acirc;y l&agrave; website gắn liền với c&aacute;c em học sinh tiểu học, trung học cơ sở, trung học phổ th&ocirc;ng v&agrave; cả Đại học, cao đẳng, gi&uacute;p người học b&aacute;m s&aacute;t kiến thức tr&ecirc;n lớp cũng như tiếp cận với một số kiến thức n&acirc;ng cao.</p>\r\n<p>Tại đ&acirc;y đ&atilde; đ&agrave;o nhiều n&ecirc;n nhiều học sinh, sinh vi&ecirc;n c&oacute; th&agrave;nh t&iacute;ch cao trong thi cử như Đ&agrave;m Văn Hiển (&Aacute; khoa to&agrave;n quốc khối A1 trong kỳ thi Tốt nghiệp THPT quốc gia năm 2022), Phạm Thị Hạnh (Đạt 28.9 điểm khối A trong kỳ thi Tốt nghiệp THPT quốc gia năm 2022), Nguyễn Đức Anh Tuấn (Đạt 29.3 điểm khối A00 trong kỳ thi Tốt nghiệp THPT quốc gia năm 2022).</p>\r\n<figure class=\"image\"><img class=\" lazyload\" src=\"https://gitiho.com/caches/p_medium_large//uploads/315313/images/image_website-hoc-online-1(1).jpg\" sizes=\"(max-width: 395px) 395px,768px\" srcset=\"https://gitiho.com/caches/p_small_large//uploads/315313/images/image_website-hoc-online-1(1).jpg 395w, https://gitiho.com/caches/p_medium_large//uploads/315313/images/image_website-hoc-online-1(1).jpg 768w\" alt=\"10 Website học online - học trực tuyến uy t&iacute;n hiện nay\" data-src=\"https://gitiho.com/caches/p_medium_large//uploads/315313/images/image_website-hoc-online-1(1).jpg\" data-srcset=\"https://gitiho.com/caches/p_small_large//uploads/315313/images/image_website-hoc-online-1(1).jpg 395w, https://gitiho.com/caches/p_medium_large//uploads/315313/images/image_website-hoc-online-1(1).jpg 768w\">\r\n<figcaption>Giao diện website Học m&atilde;i</figcaption>\r\n</figure>\r\n<p>Để học tập tr&ecirc;n Học m&atilde;i, bạn cần chọn kh&oacute;a học ph&ugrave; hợp hoặc kh&oacute;a học m&agrave; bạn muốn &ocirc;n luyện, sau đ&oacute; chọn gi&aacute;o vi&ecirc;n v&agrave; tiến h&agrave;nh học tập theo chương tr&igrave;nh. Đ&aacute;nh gi&aacute; về c&aacute;c kh&oacute;a học tr&ecirc;n website, nhiều người nhận x&eacute;t b&agrave;i giảng b&aacute;m s&aacute;t chương tr&igrave;nh học tập trong s&aacute;ch gi&aacute;o khoa của Bộ gi&aacute;o dục &amp; Đ&agrave;o tạo, thầy c&ocirc; gi&aacute;o hướng dẫn kh&aacute; dễ hiểu, dễ nhớ v&agrave; lu&ocirc;n c&oacute; những b&agrave;i tập thực tiễn.</p>\r\n<h3><strong>3. Elllo</strong></h3>\r\n<p>L&agrave; một trong những website học online thiết thực hiện nay, Elllo l&agrave; trang web cung cấp c&aacute;c b&agrave;i học tiếng Anh trực tuyến ra đời v&agrave;o năm 2003 bởi một gi&aacute;o vi&ecirc;n tiếng Anh tại Nhật Bản. Ở Elllo sẽ cung cấp những b&agrave;i học luyện nghe tiếng Anh với c&aacute;c chủ đề kh&aacute;c nhau để người học ph&aacute;t triển được khả năng nghe n&oacute;i của m&igrave;nh.</p>\r\n<p>C&aacute;c kh&oacute;a học tr&ecirc;n Elllo kh&aacute; đa dạng, bao gồm nhiều b&agrave;i học với c&aacute;c mức độ kh&aacute;c nhau gi&uacute;p bạn lựa chọn được b&agrave;i học ph&ugrave; hợp với khả năng của m&igrave;nh. Đặc biệt, những giảng vi&ecirc;n Anh ngữ tại đ&acirc;y đến từ nhiều nước tr&ecirc;n thế giới v&agrave; c&oacute; c&aacute;ch dạy với tư duy th&ocirc;ng minh, kh&ocirc;ng rườm r&agrave; gi&uacute;p học vi&ecirc;n nắm bắt nhanh, ghi nhớ l&acirc;u. &nbsp;</p>\r\n<figure class=\"image\"><img class=\" lazyload\" src=\"https://gitiho.com/caches/p_medium_large//uploads/315313/images/image_website-hoc-online-4(1).jpg\" sizes=\"(max-width: 395px) 395px,768px\" srcset=\"https://gitiho.com/caches/p_small_large//uploads/315313/images/image_website-hoc-online-4(1).jpg 395w, https://gitiho.com/caches/p_medium_large//uploads/315313/images/image_website-hoc-online-4(1).jpg 768w\" alt=\"10 Website học online - học trực tuyến uy t&iacute;n hiện nay\" data-src=\"https://gitiho.com/caches/p_medium_large//uploads/315313/images/image_website-hoc-online-4(1).jpg\" data-srcset=\"https://gitiho.com/caches/p_small_large//uploads/315313/images/image_website-hoc-online-4(1).jpg 395w, https://gitiho.com/caches/p_medium_large//uploads/315313/images/image_website-hoc-online-4(1).jpg 768w\">\r\n<figcaption>Giao diện trang web Elllo</figcaption>\r\n</figure>\r\n<p>Tr&ecirc;n Elllo, bạn sẽ được tiếp cận với video, audio v&agrave; c&aacute;c b&agrave;i tập ngữ ph&aacute;p để cải thiện khả năng Tiếng Anh của m&igrave;nh. Lượng b&agrave;i nghe kh&aacute; phong ph&uacute; v&agrave; được ph&acirc;n loại th&agrave;nh nhiều mục, mỗi b&agrave;i nghe sẽ c&oacute; audio v&agrave; bản dịch ngay ở dưới b&agrave;i nghe.</p>\r\n<p>Ngo&agrave;i ra c&ograve;n c&oacute; gần 3000 b&agrave;i học tiếng Anh miễn ph&iacute; d&agrave;nh cho học vi&ecirc;n tr&ecirc;n khắp thế giới, gi&uacute;p bạn luyện tập h&agrave;ng ng&agrave;y, h&agrave;ng giờ. Mỗi b&agrave;i học tr&ecirc;n Elllo d&agrave;i kh&ocirc;ng qu&aacute; 5 ph&uacute;t n&ecirc;n khi học bạn c&oacute; thể nghe đi nghe lại để ghi nhớ v&agrave; tập luyện.</p>\r\n<h3><strong>4. Memrise</strong></h3>\r\n<p>&ldquo;<em>Học một ngoại ngữ - Gặp gỡ cả thế giới</em>&rdquo; l&agrave; slogan kh&aacute; &yacute; nghĩa của trang web Memrise muốn truyền tải th&ocirc;ng điệp đến bạn đọc, đ&oacute; l&agrave; h&atilde;y trang bị cho m&igrave;nh th&ecirc;m &iacute;t nhất 1 ngoại ngữ để mở mang tầm mắt, hiểu hơn về thế giới chứ kh&ocirc;ng chỉ b&oacute; hẹp trong một nơi.</p>\r\n<p>Memrise từng đạt giải thưởng Ứng dụng tốt nhất (xếp thứ 2) tr&ecirc;n Google Play sau khi thống k&ecirc; số lượt người d&ugrave;ng v&agrave; trải nghiệm của người d&ugrave;ng.</p>\r\n<p>Trang web gồm c&oacute; 3 ngoại ngữ đ&oacute; l&agrave; tiếng Anh, tiếng H&agrave;n, tiếng Hoa phổ th&ocirc;ng v&agrave; Memrise sẽ cung cấp c&aacute;c bộ từ vựng được soạn sẵn theo c&aacute;c gi&aacute;o tr&igrave;nh &ocirc;n luyện, b&aacute;m s&aacute;t việc thi cử, lấy chứng chỉ.</p>\r\n<figure class=\"image\"><img class=\" lazyload\" src=\"https://gitiho.com/caches/p_medium_large//uploads/315313/images/image_website-hoc-online-6(1).jpg\" sizes=\"(max-width: 395px) 395px,768px\" srcset=\"https://gitiho.com/caches/p_small_large//uploads/315313/images/image_website-hoc-online-6(1).jpg 395w, https://gitiho.com/caches/p_medium_large//uploads/315313/images/image_website-hoc-online-6(1).jpg 768w\" alt=\"10 Website học online - học trực tuyến uy t&iacute;n hiện nay\" data-src=\"https://gitiho.com/caches/p_medium_large//uploads/315313/images/image_website-hoc-online-6(1).jpg\" data-srcset=\"https://gitiho.com/caches/p_small_large//uploads/315313/images/image_website-hoc-online-6(1).jpg 395w, https://gitiho.com/caches/p_medium_large//uploads/315313/images/image_website-hoc-online-6(1).jpg 768w\">\r\n<figcaption>Truy cập v&agrave;o trang web v&agrave; chọn ng&ocirc;n ngữ m&agrave; bạn muốn học</figcaption>\r\n</figure>\r\n<figure class=\"image\"><img class=\" lazyload\" src=\"https://gitiho.com/caches/p_medium_large//uploads/315313/images/image_website-hoc-online-7.jpg\" sizes=\"(max-width: 395px) 395px,768px\" srcset=\"https://gitiho.com/caches/p_small_large//uploads/315313/images/image_website-hoc-online-7.jpg 395w, https://gitiho.com/caches/p_medium_large//uploads/315313/images/image_website-hoc-online-7.jpg 768w\" alt=\"10 Website học online - học trực tuyến uy t&iacute;n hiện nay\" data-src=\"https://gitiho.com/caches/p_medium_large//uploads/315313/images/image_website-hoc-online-7.jpg\" data-srcset=\"https://gitiho.com/caches/p_small_large//uploads/315313/images/image_website-hoc-online-7.jpg 395w, https://gitiho.com/caches/p_medium_large//uploads/315313/images/image_website-hoc-online-7.jpg 768w\">\r\n<figcaption>Học từ vựng theo c&aacute;c lĩnh vực sẽ l&agrave; những bước học cơ bản đầu ti&ecirc;n</figcaption>\r\n</figure>\r\n<figure class=\"image\"><img class=\" lazyload\" src=\"https://gitiho.com/caches/p_medium_large//uploads/315313/images/image_website-hoc-online-8.jpg\" sizes=\"(max-width: 395px) 395px,768px\" srcset=\"https://gitiho.com/caches/p_small_large//uploads/315313/images/image_website-hoc-online-8.jpg 395w, https://gitiho.com/caches/p_medium_large//uploads/315313/images/image_website-hoc-online-8.jpg 768w\" alt=\"10 Website học online - học trực tuyến uy t&iacute;n hiện nay\" data-src=\"https://gitiho.com/caches/p_medium_large//uploads/315313/images/image_website-hoc-online-8.jpg\" data-srcset=\"https://gitiho.com/caches/p_small_large//uploads/315313/images/image_website-hoc-online-8.jpg 395w, https://gitiho.com/caches/p_medium_large//uploads/315313/images/image_website-hoc-online-8.jpg 768w\">\r\n<figcaption>Trang web sẽ cho bạn nghe c&aacute;c từ vựng, ngay sau đ&oacute; bạn sẽ phải l&agrave;m b&agrave;i tập để kiểm tra khả năng nghe của m&igrave;nh</figcaption>\r\n</figure>\r\n<p>Đặc điểm của website học online Memrise l&agrave; học ngoại ngữ theo phương ph&aacute;p ghi nhớ th&ocirc;ng qua h&igrave;nh ảnh, &acirc;m thanh để k&iacute;ch th&iacute;ch n&atilde;o bộ v&agrave; tăng khả năng ghi nhớ cho người d&ugrave;ng. Ưu điểm nổi bật của trang web l&agrave; từ vựng kết hợp với ph&aacute;t &acirc;m của người bản ngữ kh&aacute; chuẩn, c&oacute; nhiều chương tr&igrave;nh học tập với nhiều cấp độ từ dễ đến kh&oacute;&hellip;</p>\r\n<p>Tuy nhi&ecirc;n, Memrise lại chỉ c&oacute; thế mạnh về học từ vựng, ph&ugrave; hợp với người mới bắt đầu học ngoại ngữ v&agrave; hạn chế sự tương t&aacute;c giữa người học với gi&aacute;o vi&ecirc;n.</p>\r\n<h3><strong>5. CCTV Learn Chinese</strong></h3>\r\n<p>Ngo&agrave;i tiếng Anh, tiếng H&agrave;n hay tiếng Nhật th&igrave; tiếng Trung cũng l&agrave; ngoại ngữ được nhiều người quan t&acirc;m v&agrave; muốn học hỏi. Nếu kh&ocirc;ng c&oacute; thời gian v&agrave; điều kiện để học gia sư, học trung t&acirc;m bạn truy cập v&agrave;o trang web&nbsp;<a class=\"flag flag-link    \" href=\"https://tv.cctv.com/\" target=\"_blank\" rel=\"nofollow noopener\">CCTV Learn Chinese</a>&nbsp;để học miễn ph&iacute;.&nbsp;</p>\r\n<figure class=\"image\"><img class=\" lazyload\" src=\"https://gitiho.com/caches/p_medium_large//uploads/315313/images/image_website-hoc-online-9.jpg\" sizes=\"(max-width: 395px) 395px,768px\" srcset=\"https://gitiho.com/caches/p_small_large//uploads/315313/images/image_website-hoc-online-9.jpg 395w, https://gitiho.com/caches/p_medium_large//uploads/315313/images/image_website-hoc-online-9.jpg 768w\" alt=\"10 Website học online - học trực tuyến uy t&iacute;n hiện nay\" data-src=\"https://gitiho.com/caches/p_medium_large//uploads/315313/images/image_website-hoc-online-9.jpg\" data-srcset=\"https://gitiho.com/caches/p_small_large//uploads/315313/images/image_website-hoc-online-9.jpg 395w, https://gitiho.com/caches/p_medium_large//uploads/315313/images/image_website-hoc-online-9.jpg 768w\">\r\n<figcaption>Giao diện website CCTV Learn Chinese</figcaption>\r\n</figure>\r\n<p>Trang web l&yacute; tưởng với những ai muốn tăng khả năng nghe, n&oacute;i tiếng Trung, tại đ&acirc;y c&oacute; hơn 100 video hướng dẫn học tiếng Trung giao tiếp v&agrave; được sắp xếp theo mức độ cơ bản đến n&acirc;ng cao, từ đ&oacute; bạn sẽ dễ d&agrave;ng r&egrave;n luyện mỗi ng&agrave;y để tăng kỹ năng giao tiếp v&agrave; đ&aacute;nh gi&aacute; mức độ ph&aacute;t triển của bản th&acirc;n.</p>\r\n<h3><strong>6. Tuyển sinh 247</strong></h3>\r\n<p>Tuyển sinh 247 l&agrave; trang website học online d&agrave;nh cho những cấp bậc như tiểu học, trung học cơ sở v&agrave; cao đẳng, đại học c&ugrave;ng với kho khổng lồ c&aacute;c t&agrave;i liệu &ocirc;n thi v&ocirc; c&ugrave;ng đa dạng, phong ph&uacute; cho tất cả c&aacute;c m&ocirc;n học.</p>\r\n<p>Tại đ&acirc;y, video b&agrave;i giảng đều được giảng dạy bởi c&aacute;c thầy gi&aacute;o, c&ocirc; gi&aacute;o c&oacute; nhiều kinh nghiệm trong nghề v&agrave; đang c&ocirc;ng t&aacute;c tại c&aacute;c trường học tr&ecirc;n khắp cả nước. Kiến thức truyền tải vừa b&aacute;m s&aacute;t nội dung trong s&aacute;ch gi&aacute;o khoa, vừa kết hợp mở rộng n&acirc;ng cao để gi&uacute;p học sinh chắc cơ bản, giỏi n&acirc;ng cao. Sau mỗi b&agrave;i giảng sẽ đi k&egrave;m t&agrave;i liệu b&agrave;i giảng để người học dễ d&agrave;ng trong việc tổng kết kiến thức.</p>\r\n<p>Sau khi học xong b&agrave;i giảng, người học sẽ l&agrave;m c&aacute;c b&agrave;i kiểm tra online để kiểm tra năng lực cũng như r&egrave;n luyện kỹ năng l&agrave;m b&agrave;i. Một phần cũng kh&aacute; hay ở web l&agrave; phần hỏi đ&aacute;p b&igrave;nh luận ngay trong video b&agrave;i giảng, gi&aacute;o vi&ecirc;n sẽ nhanh ch&oacute;ng giải đ&aacute;p thắc mắc của người học chỉ trong 30 ph&uacute;t.</p>\r\n<figure class=\"image\"><img class=\" lazyload\" src=\"https://gitiho.com/caches/p_medium_large//uploads/315313/images/image_website-hoc-online-10.jpg\" sizes=\"(max-width: 395px) 395px,768px\" srcset=\"https://gitiho.com/caches/p_small_large//uploads/315313/images/image_website-hoc-online-10.jpg 395w, https://gitiho.com/caches/p_medium_large//uploads/315313/images/image_website-hoc-online-10.jpg 768w\" alt=\"10 Website học online - học trực tuyến uy t&iacute;n hiện nay\" data-src=\"https://gitiho.com/caches/p_medium_large//uploads/315313/images/image_website-hoc-online-10.jpg\" data-srcset=\"https://gitiho.com/caches/p_small_large//uploads/315313/images/image_website-hoc-online-10.jpg 395w, https://gitiho.com/caches/p_medium_large//uploads/315313/images/image_website-hoc-online-10.jpg 768w\">\r\n<figcaption>Giao diện website tuyensinh247</figcaption>\r\n</figure>\r\n<figure class=\"image\"><img class=\" lazyload\" src=\"https://gitiho.com/caches/p_medium_large//uploads/315313/images/image_website-hoc-online-11(1).jpg\" sizes=\"(max-width: 395px) 395px,768px\" srcset=\"https://gitiho.com/caches/p_small_large//uploads/315313/images/image_website-hoc-online-11(1).jpg 395w, https://gitiho.com/caches/p_medium_large//uploads/315313/images/image_website-hoc-online-11(1).jpg 768w\" alt=\"10 Website học online - học trực tuyến uy t&iacute;n hiện nay\" data-src=\"https://gitiho.com/caches/p_medium_large//uploads/315313/images/image_website-hoc-online-11(1).jpg\" data-srcset=\"https://gitiho.com/caches/p_small_large//uploads/315313/images/image_website-hoc-online-11(1).jpg 395w, https://gitiho.com/caches/p_medium_large//uploads/315313/images/image_website-hoc-online-11(1).jpg 768w\">\r\n<figcaption>Học trực tuyến miễn ph&iacute; tr&ecirc;n tuyensinh247</figcaption>\r\n</figure>\r\n<h3><strong>7. Kyna</strong></h3>\r\n<p>Kyna l&agrave; website học online d&agrave;nh cho người trưởng th&agrave;nh với tất tần tật c&aacute;c kỹ năng trong c&ocirc;ng việc, kỹ năng con người, kỹ năng quản trị, ngoại ngữ, thiết kế đồ họa, ứng dụng phần mềm, ph&aacute;t triển c&aacute; nh&acirc;n, truyền th&ocirc;ng v&agrave; marketing, kinh doanh khởi nghiệp, lập tr&igrave;nh&hellip;</p>\r\n<p>Ở Kyna, số lượng kh&oacute;a học rất lớn v&agrave; bao gồm nhiều lĩnh vực, mỗi b&agrave;i giảng l&agrave; những giảng vi&ecirc;n gi&agrave;u kinh nghiệm, c&oacute; chuy&ecirc;n m&ocirc;n cao sẽ mang đến cho bạn những kiến thức qu&yacute; gi&aacute;.</p>\r\n<p>Mỗi kh&oacute;a học cũng sẽ bao gồm nhiều b&agrave;i học, bạn sẽ được học thử 1-2 buổi trước khi quyết định c&oacute; đăng k&yacute; học hay kh&ocirc;ng.</p>\r\n<figure class=\"image\"><img class=\" lazyload\" src=\"https://gitiho.com/caches/p_medium_large//uploads/315313/images/image_website-hoc-online-12(1).jpg\" sizes=\"(max-width: 395px) 395px,768px\" srcset=\"https://gitiho.com/caches/p_small_large//uploads/315313/images/image_website-hoc-online-12(1).jpg 395w, https://gitiho.com/caches/p_medium_large//uploads/315313/images/image_website-hoc-online-12(1).jpg 768w\" alt=\"10 Website học online - học trực tuyến uy t&iacute;n hiện nay\" data-src=\"https://gitiho.com/caches/p_medium_large//uploads/315313/images/image_website-hoc-online-12(1).jpg\" data-srcset=\"https://gitiho.com/caches/p_small_large//uploads/315313/images/image_website-hoc-online-12(1).jpg 395w, https://gitiho.com/caches/p_medium_large//uploads/315313/images/image_website-hoc-online-12(1).jpg 768w\">\r\n<figcaption>Một trong số nội dung kh&oacute;a học của Kyna</figcaption>\r\n</figure>\r\n<p>Một số t&iacute;nh năng nổi bật của website l&agrave; số lượng kh&oacute;a học lớn, học ph&iacute; hợp l&yacute;, c&aacute;c b&agrave;i giảng lu&ocirc;n được cập nhật thường xuy&ecirc;n, c&oacute; chứng chỉ sau mỗi kh&oacute;a học v&agrave; thường xuy&ecirc;n c&oacute; những m&atilde; giảm gi&aacute; l&ecirc;n đến 80%.</p>\r\n<h3><strong>8. Unica</strong></h3>\r\n<p>Được th&agrave;nh lập từ th&aacute;ng 6 năm 2016, Unica ra đời với mục ti&ecirc;u gi&uacute;p h&agrave;ng triệu người Việt được học hỏi v&agrave; l&agrave;m chủ những kỹ năng, trang bị cho m&igrave;nh những kiến thức để ho&agrave;n thiện bản th&acirc;n v&agrave; n&acirc;ng cao chuy&ecirc;n m&ocirc;n.</p>\r\n<p>Sau hơn 7 năm hoạt động, Unica đ&atilde; trở th&agrave;nh &ldquo;si&ecirc;u thị kiến thức&rdquo; với hơn 1500 kh&oacute;a học online v&agrave; được giảng dạy bởi hơn 700 chuy&ecirc;n gia h&agrave;ng đầu tại Việt Nam.</p>\r\n<p>C&aacute;c sản phẩm gi&aacute;o dục của Unica bao gồm ngoại ngữ, tin học văn ph&ograve;ng, thiết kế, marketing, kỹ năng mềm, kinh doanh &amp; khởi nghiệp, c&ocirc;ng nghệ th&ocirc;ng tin, sale b&aacute;n h&agrave;ng, sức khỏe giới t&iacute;nh, h&ocirc;n nh&acirc;n gia đ&igrave;nh, nu&ocirc;i dạy con&hellip;</p>\r\n<p>Ở Unica, bạn sẽ ho&agrave;n to&agrave;n y&ecirc;n t&acirc;m v&igrave; giảng vi&ecirc;n kh&ocirc;ng chỉ c&oacute; kiến thức chuy&ecirc;n m&ocirc;n cao, lại gi&agrave;u kinh nghiệm truyền đạt, v&iacute; dụ như TS. L&ecirc; Thẩm Dương, TSS. Nguyễn Ngọc Dũng, chuy&ecirc;n gia luật sư Nguyễn Th&agrave;nh Long, Hồ Ngọc Cương&hellip;</p>\r\n<figure class=\"image\"><img class=\" lazyload\" src=\"https://gitiho.com/caches/p_medium_large//uploads/315313/images/image_website-hoc-online-5(1).jpg\" sizes=\"(max-width: 395px) 395px,768px\" srcset=\"https://gitiho.com/caches/p_small_large//uploads/315313/images/image_website-hoc-online-5(1).jpg 395w, https://gitiho.com/caches/p_medium_large//uploads/315313/images/image_website-hoc-online-5(1).jpg 768w\" alt=\"10 Website học online - học trực tuyến uy t&iacute;n hiện nay\" data-src=\"https://gitiho.com/caches/p_medium_large//uploads/315313/images/image_website-hoc-online-5(1).jpg\" data-srcset=\"https://gitiho.com/caches/p_small_large//uploads/315313/images/image_website-hoc-online-5(1).jpg 395w, https://gitiho.com/caches/p_medium_large//uploads/315313/images/image_website-hoc-online-5(1).jpg 768w\">\r\n<figcaption>Giao diện website của Unica</figcaption>\r\n</figure>\r\n<p>Khi truy cập v&agrave;o trang web, bạn nhanh ch&oacute;ng t&igrave;m thấy những kh&oacute;a học m&agrave; m&igrave;nh đang t&igrave;m kiếm hoặc chọn những những kh&oacute;a học đang được nhiều người d&ugrave;ng nhất. Mỗi b&agrave;i giảng sẽ c&oacute; nhiều b&agrave;i học v&agrave; được c&aacute;c thầy c&ocirc; giảng dạy rất chi tiết, cụ thể, dễ hiểu. Gi&aacute; của mỗi kh&oacute;a học cũng kh&ocirc;ng cao, ph&ugrave; hợp với mức thu nhập của học sinh, sinh vi&ecirc;n hay người đi l&agrave;m.</p>\r\n<h3><strong>9. NHK Easy</strong></h3>\r\n<p>Nếu muốn học tiếng Nhật giỏi th&igrave; bạn kh&ocirc;ng thể bỏ qua Website học online NHK Easy, đ&acirc;y l&agrave; trang web tin tức tiếng Nhật kh&aacute; nổi tiếng do đ&agrave;i truyền h&igrave;nh NHK điều h&agrave;nh với mục đ&iacute;ch chuyển tải th&ocirc;ng tin, tin tức đến với người nước ngo&agrave;i, du học sinh, học sinh.</p>\r\n<p>Website kh&ocirc;ng ph&ugrave; hợp với người mới bắt đầu học tiếng Nhật v&igrave; c&aacute;c th&ocirc;ng tin tr&ecirc;n đ&acirc;y đều l&agrave; tiếng Nhật 100% v&agrave; kh&ocirc;ng chứa chương tr&igrave;nh học cơ bản.</p>\r\n<figure class=\"image\"><img class=\" lazyload\" src=\"https://gitiho.com/caches/p_medium_large//uploads/315313/images/image_website-hoc-online-13(1).jpg\" sizes=\"(max-width: 395px) 395px,768px\" srcset=\"https://gitiho.com/caches/p_small_large//uploads/315313/images/image_website-hoc-online-13(1).jpg 395w, https://gitiho.com/caches/p_medium_large//uploads/315313/images/image_website-hoc-online-13(1).jpg 768w\" alt=\"10 Website học online - học trực tuyến uy t&iacute;n hiện nay\" data-src=\"https://gitiho.com/caches/p_medium_large//uploads/315313/images/image_website-hoc-online-13(1).jpg\" data-srcset=\"https://gitiho.com/caches/p_small_large//uploads/315313/images/image_website-hoc-online-13(1).jpg 395w, https://gitiho.com/caches/p_medium_large//uploads/315313/images/image_website-hoc-online-13(1).jpg 768w\">\r\n<figcaption>Giao diện website NHK Easy mang đậm chất Nhật Bản gi&uacute;p tăng hứng th&uacute; cho những ai muốn học tiếng Nhật</figcaption>\r\n</figure>\r\n<p>Với những người đ&atilde; c&oacute; thời gian t&igrave;m hiểu về tiếng Nhật, bạn c&oacute; thể đọc tin tức tr&ecirc;n web dưới h&igrave;nh thức vừa học vừa tiếp nhận, ph&acirc;n t&iacute;ch th&ocirc;ng tin v&agrave; luyện khả năng nghe của m&igrave;nh. Ở mỗi b&agrave;i viết tin tức, c&aacute;c từ Kanji c&oacute; ghi th&ecirc;m phi&ecirc;n &acirc;m Hiragana để bạn biết c&aacute;ch đọc n&ecirc;n qua mỗi b&agrave;i, người học t&iacute;ch được kha kh&aacute; từ vựng mới cho vốn kiến thức tiếng Nhật của m&igrave;nh.</p>\r\n<figure class=\"image\"><img class=\" lazyload\" src=\"https://gitiho.com/caches/p_medium_large//uploads/315313/images/image_website-hoc-online-14.jpg\" sizes=\"(max-width: 395px) 395px,768px\" srcset=\"https://gitiho.com/caches/p_small_large//uploads/315313/images/image_website-hoc-online-14.jpg 395w, https://gitiho.com/caches/p_medium_large//uploads/315313/images/image_website-hoc-online-14.jpg 768w\" alt=\"10 Website học online - học trực tuyến uy t&iacute;n hiện nay\" data-src=\"https://gitiho.com/caches/p_medium_large//uploads/315313/images/image_website-hoc-online-14.jpg\" data-srcset=\"https://gitiho.com/caches/p_small_large//uploads/315313/images/image_website-hoc-online-14.jpg 395w, https://gitiho.com/caches/p_medium_large//uploads/315313/images/image_website-hoc-online-14.jpg 768w\">\r\n<figcaption>C&aacute;c từ Kanji c&oacute; ghi th&ecirc;m phi&ecirc;n &acirc;m Hiragana để bạn hiểu hơn về c&aacute;ch đọc</figcaption>\r\n</figure>\r\n<p>Đối với phần audio hoặc video, để học tốt nhất l&agrave; bạn &aacute;p dụng phương ph&aacute;p &ldquo;Shadowing&rdquo; để lặp lại c&aacute;c đoạn tin tức đ&oacute;, vừa nghe vừa lặp lại đ&uacute;ng c&aacute;c &acirc;m đ&atilde; nghe được để ghi nhớ tốt hơn. Đ&acirc;y l&agrave; phương ph&aacute;p rất hiệu quả để ph&aacute;t triển khả năng n&oacute;i tiếng Nhật v&agrave; ph&aacute;t &acirc;m chuẩn m&agrave; nhiều người &aacute;p dụng.</p>\r\n<h3><strong>10. Voca</strong></h3>\r\n<p>Voca.vn l&agrave; một trong những trang Website học online tiếng Anh trực tuyến phổ biến, được nhiều người d&ugrave;ng sử dụng để n&acirc;ng cao khả năng từ vựng của m&igrave;nh. Tại Việt Nam, voca l&agrave; địa chỉ học từ vựng h&agrave;ng đầu ở thời điểm hiện tại.</p>\r\n<p>Trong qu&aacute; tr&igrave;nh học Tiếng Anh, b&ecirc;n cạnh yếu tố ngữ ph&aacute;p th&igrave; từ vựng đ&oacute;ng vai tr&ograve; cực kỳ quan trọng. Nh&agrave; ng&ocirc;n ngữ học Winky đ&atilde; từng n&oacute;i rằng: &ldquo;<em>Kh&ocirc;ng c&oacute; ngữ ph&aacute;p, rất &iacute;t th&ocirc;ng tin c&oacute; thể được truyền đạt nhưng kh&ocirc;ng c&oacute; từ vựng th&igrave; kh&ocirc;ng c&oacute; một th&ocirc;ng tin n&agrave;o được truyền đạt</em>&rdquo;.</p>\r\n<figure class=\"image\"><img class=\" lazyload\" src=\"https://gitiho.com/caches/p_medium_large//uploads/315313/images/image_website-hoc-online-15.jpg\" sizes=\"(max-width: 395px) 395px,768px\" srcset=\"https://gitiho.com/caches/p_small_large//uploads/315313/images/image_website-hoc-online-15.jpg 395w, https://gitiho.com/caches/p_medium_large//uploads/315313/images/image_website-hoc-online-15.jpg 768w\" alt=\"10 Website học online - học trực tuyến uy t&iacute;n hiện nay\" data-src=\"https://gitiho.com/caches/p_medium_large//uploads/315313/images/image_website-hoc-online-15.jpg\" data-srcset=\"https://gitiho.com/caches/p_small_large//uploads/315313/images/image_website-hoc-online-15.jpg 395w, https://gitiho.com/caches/p_medium_large//uploads/315313/images/image_website-hoc-online-15.jpg 768w\">\r\n<figcaption>Giao diện của website học online Voca</figcaption>\r\n</figure>\r\n<p>Website c&oacute; rất nhiều t&iacute;nh năng như học c&aacute;c kỹ năng, học theo lộ tr&igrave;nh, học giao tiếp, học lấy chứng chỉ, tiếng anh cho người đi l&agrave;m, tiếng anh cho học sinh&hellip; kh&aacute; đầy đủ v&agrave; chi tiết.</p>\r\n<p>Cụ thể như sau:</p>\r\n<ul>\r\n<li>Kỹ năng: từ vựng, mẫu c&acirc;u, ngữ ph&aacute;p, ph&aacute;t &acirc;m, phản xạ, b&agrave;i h&aacute;t, viết.</li>\r\n<li>Lộ tr&igrave;nh: mới bắt đầu -&gt; sơ cấp -&gt; trung cấp -&gt; cao trung cấp -&gt; n&acirc;ng cao -&gt; th&agrave;nh thạo.</li>\r\n<li>Giao tiếp: cơ bản -&gt; tự tin -&gt; lưu lo&aacute;t -&gt; tr&ocirc;i chảy.</li>\r\n<li>Người đi l&agrave;m: kh&oacute;a học sẽ bao gồm 64 chủ đề về t&igrave;nh huống giao tiếp thường gặp trong m&ocirc;i trường c&ocirc;ng sở; cung cấp hơn 1200 từ vựng c&ugrave;ng 325 mẫu c&acirc;u Tiếng Anh c&oacute; t&iacute;nh thực tiễn cao.</li>\r\n<li>Chứng chỉ: luyện thi Tiếng Anh chứng chỉ toeic v&agrave; ielts.</li>\r\n<li>Học sinh: gồm c&oacute; c&aacute;c danh s&aacute;ch b&agrave;i học cho học sinh từ lớp 1 đến 12.</li>\r\n</ul>\r\n<p>C&oacute; thể thấy Voca c&oacute; nhiều phương ph&aacute;p học tập dễ hiểu, hiệu quả, sinh động v&agrave; c&oacute; những t&iacute;nh năng nhắc nhở &ocirc;n tập tự động, t&iacute;nh năng đo lường cho ph&eacute;p người học biết được bản th&acirc;n đang ở giai đoạn n&agrave;o. Ngo&agrave;i ra, thiết kế giao diện kh&aacute; dễ nh&igrave;n, th&ocirc;ng minh v&agrave; thao t&aacute;c đơn giản.</p>\r\n<p>Tuy nhi&ecirc;n, Voca chỉ cho ph&eacute;p bạn trải nghiệm 1 bộ từ trong thư viện để t&igrave;m hiểu cặn kẽ về kh&oacute;a học trước khi c&oacute; quyết định trả ph&iacute; để học tiếp hay kh&ocirc;ng.</p>\r\n<h2 id=\"hoc_online_la_xu_the_hoc_tap_cua_tuong_lai\"><strong>Học online l&agrave; xu thế học tập của tương lai</strong></h2>\r\n<p>&ldquo;<em>Kiến thức của ch&uacute;ng ta c&agrave;ng tăng th&igrave; sự thiếu hiểu biết của ch&uacute;ng ta c&agrave;ng bộc lộ ra nhiều hơn</em>&rdquo; l&agrave; c&acirc;u n&oacute;i nổi tiếng của cựu Tổng thống Hoa Kỳ John F. Kennedy về việc học nữa, học m&atilde;i. Việc học đ&acirc;u chỉ kết th&uacute;c khi bạn học xong cấp 3, đại học hay cao học m&agrave; việc học l&agrave; việc cả đời, c&agrave;ng học được nhiều th&igrave; kiến thức c&agrave;ng tăng v&agrave; sự hiểu biết c&agrave;ng mở rộng. &nbsp;</p>\r\n<p>V&igrave; vậy, sau khi kết th&uacute;c qu&aacute; tr&igrave;nh học ở trường học hoặc trung t&acirc;m, nhiều người đ&atilde; chọn c&aacute;ch học online tr&ecirc;n c&aacute;c website trực tuyến, phần mềm để cập nhật kiến thức thời đại mới, học th&ecirc;m ngoại ngữ, học kỹ năng sống, học tin học văn ph&ograve;ng&hellip; Khi đ&oacute; kiến thức của bạn sẽ được tăng l&ecirc;n theo thời gian v&agrave; gi&aacute; trị con người bạn cũng trở n&ecirc;n đ&aacute;ng gi&aacute; hơn bao giờ hết. Bởi người c&oacute; kiến thức l&agrave; c&oacute; tất cả.</p>\r\n<p>Ng&agrave;y nay, với sự lớn mạnh của internet như vũ b&atilde;o, c&ugrave;ng với sự ảnh hưởng của dịch bệnh covid trong năm 2019-2022 đ&atilde; phần n&agrave;o đẩy mạnh v&agrave; lan tỏa hơn nữa việc học trực tuyến.</p>', 'uploads/1744857781_4b3550416f01bb5fe210.jpg', '2025-04-17 02:43:01', 'nguyen', 1),
(15, 'Trường ĐH được sử dụng các phần mềm nào để đào tạo trực tuyến?', '<h2 class=\"detail-sapo\" data-role=\"sapo\">Theo quy định mới, c&aacute;c trường ĐH sẽ lựa chọn sử dụng ri&ecirc;ng lẻ hoặc kết hợp 5 phần mềm để đ&agrave;o tạo trực tuyến đối với sinh vi&ecirc;n.</h2>\r\n<div class=\"detail-cmain\">\r\n<div class=\"detail-content afcbc-body\" data-role=\"content\" data-io-article-url=\"https://thanhnien.vn/truong-dh-duoc-su-dung-cac-phan-mem-nao-de-dao-tao-truc-tuyen-185230722162303062.htm\">\r\n<div data-check-position=\"body_start\">&nbsp;</div>\r\n<p>Bộ GD-ĐT vừa c&oacute; dự thảo th&ocirc;ng tư Quy định về ứng dụng c&ocirc;ng nghệ th&ocirc;ng tin trong&nbsp;<a class=\"link-inline-content\" title=\"đ&agrave;o tạo trực tuyến\" href=\"https://thanhnien.vn/se-sua-doi-quy-che-dua-dao-tao-truc-tuyen-vao-chuong-trinh-dai-hoc-185947443.htm\" data-rel=\"follow\">đ&agrave;o tạo trực tuyến</a>&nbsp;đối với&nbsp;<a class=\"link-inline-content\" title=\"gi&aacute;o dục ĐH\" href=\"https://thanhnien.vn/ngan-sach-nha-nuoc-dong-vai-tro-vo-cung-quan-trong-voi-giao-duc-dh-185230514014648628.htm\" data-rel=\"follow\">gi&aacute;o dục ĐH</a>. Nội dung n&agrave;y thay thế cho Th&ocirc;ng tư số 12 năm 2016 quy định ứng dụng c&ocirc;ng nghệ th&ocirc;ng tin trong quản l&yacute;, tổ chức đ&agrave;o tạo qua mạng.</p>\r\n<h2>C&aacute;c phần mềm đ&agrave;o tạo trực tuyến</h2>\r\n<p>Theo dự thảo, đ&agrave;o tạo trực tuyến l&agrave; hoạt động đ&agrave;o tạo được tổ chức thực hiện tr&ecirc;n hệ thống đ&agrave;o tạo trực tuyến.</p>\r\n<p>Cơ sở đ&agrave;o tạo c&oacute; thể sử dụng ri&ecirc;ng lẻ hoặc kết hợp sử dụng giữa c&aacute;c phần mềm sau để đ&agrave;o tạo trực tuyến:</p>\r\n<p>Phần mềm tổ chức đ&agrave;o tạo trực tuyến trực tiếp: gi&uacute;p người học tương t&aacute;c, trao đổi th&ocirc;ng tin theo thời gian thực với người dạy v&agrave; những người học kh&aacute;c trong c&ugrave;ng một kh&ocirc;ng gian học tập.</p>\r\n<p>Hệ thống đ&agrave;o tạo trực tuyến mở (MOOC): tương tự phần mềm tổ chức đ&agrave;o tạo trực tuyến trực tiếp nhưng được &aacute;p dụng đ&agrave;o tạo trực tuyến tr&ecirc;n quy m&ocirc; lớn về người học, người dạy, cơ sở đ&agrave;o tạo...</p>\r\n<figure class=\"VCSortableInPreviewMode\">\r\n<div><img id=\"img_607145003662176256\" title=\"Trường ĐH được sử dụng c&aacute;c phần mềm n&agrave;o để đ&agrave;o tạo trực tuyến? - Ảnh 1.\" src=\"https://images2.thanhnien.vn/thumb_w/640/528068263637045248/2023/7/22/hoc-truc-tuyen-1690018648165930789228.jpeg\" srcset=\"https://images2.thanhnien.vn/thumb_w/640/528068263637045248/2023/7/22/hoc-truc-tuyen-1690018648165930789228.jpeg 1x,https://images2.thanhnien.vn/528068263637045248/2023/7/22/hoc-truc-tuyen-1690018648165930789228.jpeg 2x\" alt=\"Trường ĐH được sử dụng c&aacute;c phần mềm n&agrave;o để đ&agrave;o tạo trực tuyến? - Ảnh 1.\" width=\"1413\" height=\"640\" loading=\"lazy\" data-author=\"\" data-original=\"https://images2.thanhnien.vn/528068263637045248/2023/7/22/hoc-truc-tuyen-1690018648165930789228.jpeg\"></div>\r\n<figcaption class=\"PhotoCMS_Caption\">\r\n<p class=\"\" data-placeholder=\"Nhập ch&uacute; th&iacute;ch ảnh\" data-gramm=\"false\">Một lớp học trực tuyến</p>\r\n</figcaption>\r\n<div class=\"PhotoCMS_Author\">\r\n<p class=\"\" data-placeholder=\"Nhập t&aacute;c giả\" data-gramm=\"false\">L.N</p>\r\n</div>\r\n</figure>\r\n<p>Hệ thống quản l&yacute; học tập trực tuyến (LMS): gi&uacute;p giảng vi&ecirc;n l&ecirc;n kế hoạch dạy học trực tuyến, lưu trữ, chuyển tải học liệu đ&agrave;o tạo tới người học; giao nhiệm vụ học tập v&agrave; kiểm tra, đ&aacute;nh gi&aacute; kết quả học tập của người học; sinh vi&ecirc;n được truy cập, khai th&aacute;c nội dung học tập từ học liệu đ&agrave;o tạo; thực hiện c&aacute;c hoạt động học tập v&agrave; kiểm tra, đ&aacute;nh gi&aacute; theo y&ecirc;u cầu của người dạy; đặt c&acirc;u hỏi v&agrave; trả lời c&acirc;u hỏi đối với người dạy v&agrave; c&aacute;c người học kh&aacute;c trong c&ugrave;ng kh&ocirc;ng gian học tập.</p>\r\n<p>Hệ thống quản l&yacute; nội dung học tập trực tuyến (LCMS): tương tự hệ thống quản l&yacute; học tập trực tuyến (LMS) nhưng cho ph&eacute;p người dạy thiết kế nội dung học tập, học liệu đ&agrave;o tạo trực tuyến.</p>\r\n<p>Ngo&agrave;i ra, c&ograve;n c&oacute; hệ thống đ&agrave;o tạo trực tuyến mở của Bộ GD-ĐT (MOOC-MOET) do&nbsp;<a class=\"link-inline-content\" title=\"Bộ GD-ĐT\" href=\"https://thanhnien.vn/bo-gd-dt-cong-bo-pho-diem-tung-mon-thi-tot-nghiep-thpt-2023-18523071807583202.htm\" data-rel=\"follow\">Bộ GD-ĐT</a>&nbsp;c&ugrave;ng c&aacute;c cơ sở đ&agrave;o tạo trong nước thiết lập v&agrave; x&acirc;y dựng nhằm cung cấp c&aacute;c kh&oacute;a học trực tuyến do c&aacute;c cơ sở đ&agrave;o tạo tham gia x&acirc;y dựng v&agrave; chia sẻ d&ugrave;ng chung.</p>\r\n<p>Bộ GD-ĐT c&oacute; tr&aacute;ch nhiệm tổ chức quản l&yacute;, duy tr&igrave; vận h&agrave;nh hệ thống; c&aacute;c cơ sở đ&agrave;o tạo c&oacute; tr&aacute;ch nhiệm x&acirc;y dựng, đ&oacute;ng g&oacute;p học liệu v&agrave; cung cấp c&aacute;c&nbsp;<a class=\"link-inline-content\" title=\"kh&oacute;a học trực tuyến\" href=\"https://thanhnien.vn/nhung-khoa-hoc-truc-tuyen-day-cach-sex-thu-hut-chuc-nghin-hoc-vien-ai-quan-ly-185230714132501451.htm\" data-rel=\"follow\">kh&oacute;a học trực tuyến</a>&nbsp;l&ecirc;n hệ thống; tổ chức khai th&aacute;c, sử dụng hệ thống đồng thời x&acirc;y dựng quy định về khai th&aacute;c, sử dụng v&agrave; c&ocirc;ng nhận kết quả học tập cho người học tr&ecirc;n hệ thống.</p>\r\n<h2>Phải c&oacute; quy tr&igrave;nh kiểm định chất lượng kh&oacute;a học</h2>\r\n<p>Dự thảo n&agrave;y quy định cơ sở đ&agrave;o tạo phải chịu tr&aacute;ch nhiệm về chất lượng v&agrave; thực hiện c&aacute;c giải ph&aacute;p bảo đảm chất lượng đ&agrave;o tạo trực tuyến. Cụ thể, phải c&oacute; quy tr&igrave;nh&nbsp;<a class=\"link-inline-content\" title=\"kiểm định chất lượng\" href=\"https://thanhnien.vn/vi-sao-bo-gd-dt-quyet-dinh-giam-sat-cac-to-chuc-kiem-dinh-chat-luong-giao-duc-185230703212800977.htm\" data-rel=\"follow\">kiểm định chất lượng</a>&nbsp;kh&oacute;a học để đảm bảo nội dung kh&oacute;a học đ&aacute;p ứng được c&aacute;c ti&ecirc;u chuẩn chất lượng của chương tr&igrave;nh đ&agrave;o tạo đ&atilde; ban h&agrave;nh.</p>\r\n<figure class=\"VCSortableInPreviewMode\">\r\n<div><img id=\"img_607145678450192384\" style=\"display: block; margin-left: auto; margin-right: auto;\" title=\"Trường ĐH được sử dụng c&aacute;c phần mềm n&agrave;o để đ&agrave;o tạo trực tuyến? - Ảnh 2.\" src=\"https://images2.thanhnien.vn/thumb_w/640/528068263637045248/2023/7/22/hoc-truc-tuyen1-2495-1690018809113820064609.jpeg\" alt=\"Trường ĐH được sử dụng c&aacute;c phần mềm n&agrave;o để đ&agrave;o tạo trực tuyến? - Ảnh 2.\" width=\"1024\" height=\"768\" loading=\"lazy\" data-author=\"\" data-original=\"https://images2.thanhnien.vn/528068263637045248/2023/7/22/hoc-truc-tuyen1-2495-1690018809113820064609.jpeg\"></div>\r\n<figcaption class=\"PhotoCMS_Caption\">\r\n<p class=\"\" data-placeholder=\"Nhập ch&uacute; th&iacute;ch ảnh\" data-gramm=\"false\">Th&ecirc;m nhiều nội dung mới về đ&agrave;o tạo trực tuyến tại dự thảo của Bộ GD-ĐT</p>\r\n</figcaption>\r\n<div class=\"PhotoCMS_Author\">\r\n<p class=\"\" data-placeholder=\"Nhập t&aacute;c giả\" data-gramm=\"false\">Đ.N.T</p>\r\n</div>\r\n</figure>\r\n<p>B&ecirc;n cạnh đ&oacute;, nội dung kh&oacute;a học phải được thiết kế v&agrave; cập nhật thường xuy&ecirc;n để bảo đảm&nbsp; ph&ugrave; hợp với nhu cầu của người học.</p>\r\n<p>Hiệu trưởng của trường ĐH l&agrave; người tổ chức x&acirc;y dựng v&agrave; ban h&agrave;nh quy chế tổ chức đ&agrave;o tạo trực tuyến, trong đ&oacute; c&oacute; c&aacute;c quy định về nội dung đ&agrave;o tạo v&agrave; phương thức tổ chức dạy, học, thi, kiểm tra, đ&aacute;nh gi&aacute; kết quả đ&agrave;o tạo.</p>\r\n<p>Đồng thời, hiệu trưởng quy định về năng lực chuy&ecirc;n m&ocirc;n, kỹ năng giảng dạy v&agrave; kỹ năng&nbsp;<a class=\"link-inline-content\" title=\"c&ocirc;ng nghệ th&ocirc;ng tin\" href=\"https://thanhnien.vn/nhu-cau-nhan-luc-nganh-cong-nghe-thong-tin-tang-trong-nhieu-nam-toi-185230504145130064.htm\" data-rel=\"follow\">c&ocirc;ng nghệ th&ocirc;ng tin</a> cho đội ngũ nh&acirc;n lực triển khai đ&agrave;o tạo trực tuyến; c&ocirc;ng nhận t&iacute;n chỉ tr&ecirc;n hệ thống đ&agrave;o tạo trực tuyến của cơ sở đ&agrave;o tạo v&agrave; c&aacute;c hệ thống đ&agrave;o tạo trực tuyến kh&aacute;c...</p>\r\n</div>\r\n</div>', 'uploads/1744857902_29.jpg', '2025-04-17 02:45:02', 'nguyen', 1);

-- --------------------------------------------------------

--
-- Cấu trúc bảng cho bảng `categories`
--

CREATE TABLE `categories` (
  `id` int(11) NOT NULL,
  `name` varchar(100) NOT NULL
) ENGINE=InnoDB DEFAULT CHARSET=utf8mb4 COLLATE=utf8mb4_general_ci;

--
-- Đang đổ dữ liệu cho bảng `categories`
--

INSERT INTO `categories` (`id`, `name`) VALUES
(1, 'Công Nghệ Thông Tin'),
(3, 'Maketing');

-- --------------------------------------------------------

--
-- Cấu trúc bảng cho bảng `comments`
--

CREATE TABLE `comments` (
  `id` int(11) NOT NULL,
  `lesson_id` int(11) NOT NULL,
  `user_id` int(11) NOT NULL,
  `content` text NOT NULL,
  `created_at` timestamp NOT NULL DEFAULT current_timestamp(),
  `updated_at` timestamp NOT NULL DEFAULT current_timestamp() ON UPDATE current_timestamp()
) ENGINE=InnoDB DEFAULT CHARSET=utf8mb4 COLLATE=utf8mb4_general_ci;

--
-- Đang đổ dữ liệu cho bảng `comments`
--

INSERT INTO `comments` (`id`, `lesson_id`, `user_id`, `content`, `created_at`, `updated_at`) VALUES
(40, 7, 63, 'hay đấy', '2025-04-05 00:58:36', '2025-04-05 00:58:36');

-- --------------------------------------------------------

--
-- Cấu trúc bảng cho bảng `discounts`
--

CREATE TABLE `discounts` (
  `id` int(11) NOT NULL,
  `code` varchar(255) NOT NULL,
  `discount_value` varchar(255) NOT NULL,
  `usage_limit` varchar(255) NOT NULL,
  `end_date` date NOT NULL
) ENGINE=InnoDB DEFAULT CHARSET=utf8mb4 COLLATE=utf8mb4_general_ci;

-- --------------------------------------------------------

--
-- Cấu trúc bảng cho bảng `lessons`
--

CREATE TABLE `lessons` (
  `id` int(11) NOT NULL,
  `subject_id` int(11) NOT NULL,
  `title` varchar(255) NOT NULL,
  `video` text NOT NULL,
  `status` varchar(50) DEFAULT 'active'
) ENGINE=InnoDB DEFAULT CHARSET=utf8mb4 COLLATE=utf8mb4_general_ci;

--
-- Đang đổ dữ liệu cho bảng `lessons`
--

INSERT INTO `lessons` (`id`, `subject_id`, `title`, `video`, `status`) VALUES
(7, 1, 'Bài 1', 'https://youtu.be/qiyTDxBjmIw?list=PLIiLuIrSErz46J2oRpuTMXuVTHkwDabfD', '[New 100%]'),
(8, 1, 'Bài 2', 'https://youtu.be/U7_Cs1x0RL0?si=zNkjzvfPsyoSYktO', 'aaaaaaaa');

-- --------------------------------------------------------

--
-- Cấu trúc bảng cho bảng `progress`
--

CREATE TABLE `progress` (
  `id` int(50) NOT NULL,
  `user_id` int(50) DEFAULT NULL,
  `subjects_id` int(50) DEFAULT NULL,
  `completed_lessons` varchar(255) DEFAULT NULL,
  `progress_percentage` varchar(255) DEFAULT NULL,
  `total_lessons` int(50) DEFAULT NULL,
  `video_time` varchar(255) DEFAULT NULL
) ENGINE=InnoDB DEFAULT CHARSET=utf8mb4 COLLATE=utf8mb4_general_ci;

--
-- Đang đổ dữ liệu cho bảng `progress`
--

INSERT INTO `progress` (`id`, `user_id`, `subjects_id`, `completed_lessons`, `progress_percentage`, `total_lessons`, `video_time`) VALUES
(1, 63, 1, '1', '50', 2, '1');

-- --------------------------------------------------------

--
-- Cấu trúc bảng cho bảng `progresses`
--

CREATE TABLE `progresses` (
  `id` int(11) NOT NULL,
  `user_id` int(50) DEFAULT NULL,
  `subject_id` int(50) DEFAULT NULL,
  `number_test` int(50) DEFAULT NULL,
  `number_submit` int(50) DEFAULT NULL,
  `progress` int(50) DEFAULT NULL
) ENGINE=InnoDB DEFAULT CHARSET=utf8mb4 COLLATE=utf8mb4_general_ci;

--
-- Đang đổ dữ liệu cho bảng `progresses`
--

INSERT INTO `progresses` (`id`, `user_id`, `subject_id`, `number_test`, `number_submit`, `progress`) VALUES
(9, 63, 1, 3, 3, 0),
(10, 65, 1, 3, 0, 0),
(11, 63, 6, 0, 0, 0);

-- --------------------------------------------------------

--
-- Cấu trúc bảng cho bảng `questions`
--

CREATE TABLE `questions` (
  `id` int(11) NOT NULL,
  `tests_id` int(11) NOT NULL,
  `questions_text` varchar(255) NOT NULL,
  `option_a` varchar(255) NOT NULL,
  `option_b` varchar(255) NOT NULL,
  `option_c` varchar(255) NOT NULL,
  `option_d` varchar(255) NOT NULL,
  `correct_option` varchar(255) NOT NULL
) ENGINE=InnoDB DEFAULT CHARSET=utf8mb4 COLLATE=utf8mb4_general_ci;

--
-- Đang đổ dữ liệu cho bảng `questions`
--

INSERT INTO `questions` (`id`, `tests_id`, `questions_text`, `option_a`, `option_b`, `option_c`, `option_d`, `correct_option`) VALUES
(8, 6, 'câu 2: 3+1=?', '2', '5', '4', '6', 'c'),
(9, 6, 'câu 2: 3+2+1=?', '2', '5', '4', '6', 'd'),
(10, 7, 'câu 2: 3+2+1=?', '2', '5', '4', '6', 'd'),
(11, 8, '1+1 = ?', '2', '3', '4', '5', 'a');

-- --------------------------------------------------------

--
-- Cấu trúc bảng cho bảng `subjects`
--

CREATE TABLE `subjects` (
  `id` int(11) NOT NULL,
  `category_id` int(11) NOT NULL,
  `user_id` int(11) DEFAULT NULL,
  `name` varchar(255) NOT NULL,
  `image` varchar(255) NOT NULL,
  `price` int(50) NOT NULL,
  `sku` varchar(50) NOT NULL,
  `status` varchar(20) NOT NULL,
  `description` text DEFAULT NULL,
  `total_lessons` int(50) DEFAULT NULL,
  `user_quantity` int(50) DEFAULT NULL
) ENGINE=InnoDB DEFAULT CHARSET=utf8mb4 COLLATE=utf8mb4_general_ci;

--
-- Đang đổ dữ liệu cho bảng `subjects`
--

INSERT INTO `subjects` (`id`, `category_id`, `user_id`, `name`, `image`, `price`, `sku`, `status`, `description`, `total_lessons`, `user_quantity`) VALUES
(1, 1, 63, 'PHP Cơ Bản', 'https://i.pinimg.com/736x/33/75/a8/3375a8fca0a82a2bfab486547d95a98e.jpg', 200000, 'PHP001', 'active', 'ádasdas', 2, 15),
(3, 1, 63, 'PHP SUPERHERO', 'https://th.bing.com/th/id/OIP.qF-5pDFdeBN8DhoN2tlBcQHaD3?rs=1&pid=ImgDetMain', 120000, 'akml', 'active', 'aaaaaaaaaaaaaaaaaaaaaaaaaaaaa', NULL, 3),
(4, 1, 63, 'CSS SUPERHERO', 'https://albertraluy.github.io/A5-reglas/img/CSS-Logo.png', 120000, 'akml123', 'active', 'Không Tiền Thì Cook', NULL, 1),
(5, 3, 63, 'MAKETING SUPERHERO', 'https://dprintworldwide.com/wp-content/uploads/2018/04/marketing-with-posters.jpg', 120000, 'akml4565678777454', 'active', 'aaaaaaaaaaaaaaaaaaaaaaaaaaaaa', NULL, 0),
(6, 3, 63, 'MAKETING SUPERHERO', 'https://dprintworldwide.com/wp-content/uploads/2018/04/marketing-with-posters.jpg', 120000, 'akml4565678777454', 'active', 'aaaaaaaaaaaaaaaaaaaaaaaaaaaaa', NULL, 1),
(7, 3, 63, 'MAKETING SUPERHERO', 'https://dprintworldwide.com/wp-content/uploads/2018/04/marketing-with-posters.jpg', 120000, 'akml4565678777454', 'active', 'aaaaaaaaaaaaaaaaaaaaaaaaaaaaa', NULL, 1),
(8, 1, 63, 'MAKETING SUPERHERO', 'https://dprintworldwide.com/wp-content/uploads/2018/04/marketing-with-posters.jpg', 120000, 'akml4565678777454', 'activeasdas', 'aaaaaaaaaaaaaaaaaaaaaaaaaaaaa', NULL, 1),
(10, 1, 63, 'YTHANH ÊBAN', 'https://dprintworldwide.com/wp-content/uploads/2018/04/marketing-with-posters.jpg', 200000, 'sdasdasdzcsascfassadasdsd', 'active', 'vvvvvvvvvvvvvvvvvvvvvvvvvvvvv', NULL, 1);

-- --------------------------------------------------------

--
-- Cấu trúc bảng cho bảng `tests`
--

CREATE TABLE `tests` (
  `id` int(11) NOT NULL,
  `lessons_id` int(11) NOT NULL,
  `title` varchar(255) NOT NULL
) ENGINE=InnoDB DEFAULT CHARSET=utf8mb4 COLLATE=utf8mb4_general_ci;

--
-- Đang đổ dữ liệu cho bảng `tests`
--

INSERT INTO `tests` (`id`, `lessons_id`, `title`) VALUES
(6, 7, 'Bài 1'),
(7, 8, 'bài 1'),
(8, 7, 'Bài 2');

-- --------------------------------------------------------

--
-- Cấu trúc bảng cho bảng `users`
--

CREATE TABLE `users` (
  `id` int(11) NOT NULL,
  `email` varchar(255) NOT NULL,
  `image` varchar(255) DEFAULT NULL,
  `password` varchar(255) NOT NULL,
  `created_at` timestamp NOT NULL DEFAULT current_timestamp(),
  `name` varchar(250) NOT NULL,
  `role` enum('admin','user','quanly') DEFAULT 'user',
  `phone` int(11) DEFAULT NULL,
  `kinhnghiem` varchar(255) DEFAULT NULL,
  `mota` varchar(255) DEFAULT NULL,
  `diachi` varchar(255) DEFAULT NULL,
  `bangcap` varchar(255) DEFAULT NULL,
  `truonghoc` varchar(255) DEFAULT NULL,
  `namhoc` varchar(255) DEFAULT NULL
) ENGINE=InnoDB DEFAULT CHARSET=utf8mb4 COLLATE=utf8mb4_general_ci;

--
-- Đang đổ dữ liệu cho bảng `users`
--

INSERT INTO `users` (`id`, `email`, `image`, `password`, `created_at`, `name`, `role`, `phone`, `kinhnghiem`, `mota`, `diachi`, `bangcap`, `truonghoc`, `namhoc`) VALUES
(57, 'phamminhtu28055@gmail.com', NULL, '$2y$10$15uE26mNHnTK9ua6o/ygKuZllUg0iNvo8zVLREdIFEUpXqH4ge7m2', '2025-03-10 10:49:10', 'Phạm Minh Tú', 'admin', 0, NULL, NULL, NULL, NULL, NULL, NULL),
(62, 'heilpmtu@gmail.com', NULL, '$2y$10$jUe.dKHi/19dMX395at84eWHVxPA1REgmLkqff..H0DRRqWSupA12', '2025-03-13 15:51:15', 'Phạm Minh Tú', 'admin', 0, NULL, NULL, NULL, NULL, NULL, NULL),
(63, 'ebanythanh1@gmail.com', '67e6079715fe0.png', '$2y$10$EjWtHpXt7H7gZ5X.uJToVe008JOUda7R3sb.49PN4ruPv/o2t84S.', '2025-03-15 03:35:15', 'YTHANH ÊBAN', 'admin', 337937493, 'aaaaaaaaaaaaaaa', NULL, 'buôn cuôr đăng b', 'aaaaaaaaaaaaaaaaaaa', 'aaaaaaaaaaaaaaaaaaa', 'aaaaaaaaaaaaaaaaa'),
(65, 'ebanythanh2@gmail.com', NULL, '$2y$10$3arLaG5D.s6HEHgyIxI/PeRHpm58TN4DfFHoqq8zuxC9XqpUOJvQ6', '2025-03-26 23:22:04', 'YTHANH ÊBAN', 'user', 0, NULL, NULL, NULL, NULL, NULL, NULL),
(66, 'ebanythanh24@gmail.com', NULL, '$2y$10$yPZ9AdM1/eqb4GzIlGARI.jar/Ka/Tm3daRt1dqQ1vzyY4g2glmSS', '2025-03-28 13:33:24', 'YTHANH ÊBAN', 'user', 0, NULL, NULL, NULL, NULL, NULL, NULL);

-- --------------------------------------------------------

--
-- Cấu trúc bảng cho bảng `user_answers`
--

CREATE TABLE `user_answers` (
  `id` int(11) NOT NULL,
  `user_id` int(11) NOT NULL,
  `subject_id` int(50) DEFAULT NULL,
  `test_id` int(11) NOT NULL,
  `question_id` int(11) NOT NULL,
  `selected_option` varchar(10) NOT NULL,
  `created_at` timestamp NOT NULL DEFAULT current_timestamp()
) ENGINE=InnoDB DEFAULT CHARSET=utf8mb4 COLLATE=utf8mb4_general_ci;

--
-- Đang đổ dữ liệu cho bảng `user_answers`
--

INSERT INTO `user_answers` (`id`, `user_id`, `subject_id`, `test_id`, `question_id`, `selected_option`, `created_at`) VALUES
(14, 63, 1, 6, 1, '1', '2025-04-16 09:08:11'),
(15, 63, 1, 7, 1, '1', '2025-04-16 09:08:36'),
(16, 63, 1, 8, 1, '1', '2025-04-17 02:41:30');

-- --------------------------------------------------------

--
-- Cấu trúc bảng cho bảng `user_subjects`
--

CREATE TABLE `user_subjects` (
  `id` int(11) NOT NULL,
  `subject_id` int(11) NOT NULL,
  `user_id` int(11) NOT NULL,
  `categories_id` int(11) NOT NULL,
  `name` varchar(255) NOT NULL,
  `image` varchar(255) NOT NULL,
  `price` int(255) NOT NULL,
  `sku` varchar(255) NOT NULL,
  `description` varchar(255) NOT NULL,
  `status` varchar(255) NOT NULL,
  `pttt` varchar(255) NOT NULL
) ENGINE=InnoDB DEFAULT CHARSET=utf8mb4 COLLATE=utf8mb4_general_ci;

--
-- Đang đổ dữ liệu cho bảng `user_subjects`
--

INSERT INTO `user_subjects` (`id`, `subject_id`, `user_id`, `categories_id`, `name`, `image`, `price`, `sku`, `description`, `status`, `pttt`) VALUES
(45, 1, 63, 1, 'PHP Cơ Bản', 'https://i.pinimg.com/736x/33/75/a8/3375a8fca0a82a2bfab486547d95a98e.jpg', 200000, 'PHP001', 'ádasdas', 'Đã Tham Gia', 'cod'),
(46, 1, 65, 1, 'PHP Cơ Bản', 'https://i.pinimg.com/736x/33/75/a8/3375a8fca0a82a2bfab486547d95a98e.jpg', 200000, 'PHP001', 'ádasdas', 'Đã Tham Gia', 'cod'),
(47, 6, 63, 3, 'MAKETING SUPERHERO', 'https://dprintworldwide.com/wp-content/uploads/2018/04/marketing-with-posters.jpg', 120000, 'akml4565678777454', 'aaaaaaaaaaaaaaaaaaaaaaaaaaaaa', 'Đã Tham Gia', 'cod');

--
-- Chỉ mục cho các bảng đã đổ
--

--
-- Chỉ mục cho bảng `blog`
--
ALTER TABLE `blog`
  ADD PRIMARY KEY (`id`);

--
-- Chỉ mục cho bảng `categories`
--
ALTER TABLE `categories`
  ADD PRIMARY KEY (`id`);

--
-- Chỉ mục cho bảng `comments`
--
ALTER TABLE `comments`
  ADD PRIMARY KEY (`id`),
  ADD KEY `lesson_id` (`lesson_id`),
  ADD KEY `user_id` (`user_id`);

--
-- Chỉ mục cho bảng `discounts`
--
ALTER TABLE `discounts`
  ADD PRIMARY KEY (`id`);

--
-- Chỉ mục cho bảng `lessons`
--
ALTER TABLE `lessons`
  ADD PRIMARY KEY (`id`),
  ADD KEY `subject_id` (`subject_id`);

--
-- Chỉ mục cho bảng `progress`
--
ALTER TABLE `progress`
  ADD PRIMARY KEY (`id`);

--
-- Chỉ mục cho bảng `progresses`
--
ALTER TABLE `progresses`
  ADD PRIMARY KEY (`id`);

--
-- Chỉ mục cho bảng `questions`
--
ALTER TABLE `questions`
  ADD PRIMARY KEY (`id`);

--
-- Chỉ mục cho bảng `subjects`
--
ALTER TABLE `subjects`
  ADD PRIMARY KEY (`id`),
  ADD KEY `category_id` (`category_id`);

--
-- Chỉ mục cho bảng `tests`
--
ALTER TABLE `tests`
  ADD PRIMARY KEY (`id`);

--
-- Chỉ mục cho bảng `users`
--
ALTER TABLE `users`
  ADD PRIMARY KEY (`id`),
  ADD UNIQUE KEY `email` (`email`);

--
-- Chỉ mục cho bảng `user_answers`
--
ALTER TABLE `user_answers`
  ADD PRIMARY KEY (`id`),
  ADD KEY `user_id` (`user_id`),
  ADD KEY `test_id` (`test_id`),
  ADD KEY `question_id` (`question_id`);

--
-- Chỉ mục cho bảng `user_subjects`
--
ALTER TABLE `user_subjects`
  ADD PRIMARY KEY (`id`);

--
-- AUTO_INCREMENT cho các bảng đã đổ
--

--
-- AUTO_INCREMENT cho bảng `blog`
--
ALTER TABLE `blog`
  MODIFY `id` int(11) NOT NULL AUTO_INCREMENT, AUTO_INCREMENT=16;

--
-- AUTO_INCREMENT cho bảng `categories`
--
ALTER TABLE `categories`
  MODIFY `id` int(11) NOT NULL AUTO_INCREMENT, AUTO_INCREMENT=4;

--
-- AUTO_INCREMENT cho bảng `comments`
--
ALTER TABLE `comments`
  MODIFY `id` int(11) NOT NULL AUTO_INCREMENT, AUTO_INCREMENT=41;

--
-- AUTO_INCREMENT cho bảng `discounts`
--
ALTER TABLE `discounts`
  MODIFY `id` int(11) NOT NULL AUTO_INCREMENT, AUTO_INCREMENT=2;

--
-- AUTO_INCREMENT cho bảng `lessons`
--
ALTER TABLE `lessons`
  MODIFY `id` int(11) NOT NULL AUTO_INCREMENT, AUTO_INCREMENT=9;

--
-- AUTO_INCREMENT cho bảng `progress`
--
ALTER TABLE `progress`
  MODIFY `id` int(50) NOT NULL AUTO_INCREMENT, AUTO_INCREMENT=2;

--
-- AUTO_INCREMENT cho bảng `progresses`
--
ALTER TABLE `progresses`
  MODIFY `id` int(11) NOT NULL AUTO_INCREMENT, AUTO_INCREMENT=12;

--
-- AUTO_INCREMENT cho bảng `questions`
--
ALTER TABLE `questions`
  MODIFY `id` int(11) NOT NULL AUTO_INCREMENT, AUTO_INCREMENT=12;

--
-- AUTO_INCREMENT cho bảng `subjects`
--
ALTER TABLE `subjects`
  MODIFY `id` int(11) NOT NULL AUTO_INCREMENT, AUTO_INCREMENT=11;

--
-- AUTO_INCREMENT cho bảng `tests`
--
ALTER TABLE `tests`
  MODIFY `id` int(11) NOT NULL AUTO_INCREMENT, AUTO_INCREMENT=9;

--
-- AUTO_INCREMENT cho bảng `users`
--
ALTER TABLE `users`
  MODIFY `id` int(11) NOT NULL AUTO_INCREMENT, AUTO_INCREMENT=67;

--
-- AUTO_INCREMENT cho bảng `user_answers`
--
ALTER TABLE `user_answers`
  MODIFY `id` int(11) NOT NULL AUTO_INCREMENT, AUTO_INCREMENT=17;

--
-- AUTO_INCREMENT cho bảng `user_subjects`
--
ALTER TABLE `user_subjects`
  MODIFY `id` int(11) NOT NULL AUTO_INCREMENT, AUTO_INCREMENT=48;

--
-- Các ràng buộc cho các bảng đã đổ
--

--
-- Các ràng buộc cho bảng `comments`
--
ALTER TABLE `comments`
  ADD CONSTRAINT `comments_ibfk_1` FOREIGN KEY (`lesson_id`) REFERENCES `lessons` (`id`),
  ADD CONSTRAINT `comments_ibfk_2` FOREIGN KEY (`user_id`) REFERENCES `users` (`id`);

--
-- Các ràng buộc cho bảng `lessons`
--
ALTER TABLE `lessons`
  ADD CONSTRAINT `lessons_ibfk_1` FOREIGN KEY (`subject_id`) REFERENCES `subjects` (`id`) ON DELETE CASCADE;

--
-- Các ràng buộc cho bảng `subjects`
--
ALTER TABLE `subjects`
  ADD CONSTRAINT `subjects_ibfk_1` FOREIGN KEY (`category_id`) REFERENCES `categories` (`id`) ON DELETE CASCADE;
COMMIT;

/*!40101 SET CHARACTER_SET_CLIENT=@OLD_CHARACTER_SET_CLIENT */;
/*!40101 SET CHARACTER_SET_RESULTS=@OLD_CHARACTER_SET_RESULTS */;
/*!40101 SET COLLATION_CONNECTION=@OLD_COLLATION_CONNECTION */;
